{"v":"5.6.1",
  "fr":60,
  "ip":0,
  "op":65,"w":132,"h":132,"nm":"BodyMovin Export","ddd":0,"assets":[{"id":"comp_0","layers":[{"ddd":0,"ind":1,"ty":3,"nm":"SCALE","sr":1,"ks":{"o":{"a":0,"k":0,"ix":11},"r":{"a":0,"k":0,"ix":10},"p":{"a":0,"k":[528,528,0],"ix":2},"a":{"a":0,"k":[0,0,0],"ix":1},"s":{"a":1,"k":[{"i":{"x":[0.763,0.763,0.667],"y":[1,1,1]},"o":{"x":[0.951,0.951,0.333],"y":[0,0,0]},"t":0,"s":[100,100,100],"e":[141.212,141.212,100]},{"i":{"x":[0.207,0.207,0.667],"y":[1,1,1]},"o":{"x":[0.785,0.785,0.333],"y":[0,0,0]},"t":26,"s":[141.212,141.212,100],"e":[83.477,83.477,100]},{"i":{"x":[0.593,0.593,0.667],"y":[0.77,0.77,-8.914]},"o":{"x":[0.598,0.598,0.333],"y":[0,0,0]},"t":34,"s":[83.477,83.477,100],"e":[104.744,104.744,100]},{"i":{"x":[0.502,0.502,0.667],"y":[1,1,1]},"o":{"x":[0.204,0.204,0.333],"y":[-0.469,-0.469,9.013]},"t":45,"s":[104.744,104.744,100],"e":[100,100,100]},{"t":55}],"ix":6}},"ao":0,"ip":0,"op":65,"st":0,"bm":0},{"ddd":0,"ind":2,"ty":4,"nm":"Ending Heart 3","parent":1,"sr":1,"ks":{"o":{"a":0,"k":100,"ix":11},"r":{"a":0,"k":0,"ix":10},"p":{"a":0,"k":[0,0,0],"ix":2},"a":{"a":0,"k":[12,12,0],"ix":1},"s":{"a":1,"k":[{"i":{"x":[0.667,0.667,0.667],"y":[1,1,1]},"o":{"x":[0.167,0.167,0.167],"y":[0.167,0.167,0]},"t":10,"s":[0,0,100],"e":[1924.615,1924.615,100]},{"t":21}],"ix":6}},"ao":0,"shapes":[{"ind":0,"ty":"sh","ix":1,"ks":{"a":0,"k":{"i":[[0,0],[0,0],[0,6.378],[-2.878,0],[-0.816,-1.15],[-2.291,0],[0,-3.065],[2.583,-0.047],[0,0]],"o":[[0,0],[-2.583,-0.048],[0,-3.064],[2.29,0],[0.814,-1.148],[2.88,0],[0,6.376],[0,0],[0,0]],"v":[[12,21.457],[11.986,21.457],[1.95,8.297],[7.353,2.543],[11.999,5.273],[16.644,2.543],[22.048,8.298],[12.011,21.455],[12,21.455]],"c":true},"ix":2},"nm":"Heart Path","mn":"ADBE Vector Shape - Group","hd":false},{"ty":"fl","c":{"a":0,"k":[0.878431379795,0.141176477075,0.368627458811,1],"ix":4},"o":{"a":0,"k":100,"ix":5},"r":1,"bm":0,"nm":"Fill 1","mn":"ADBE Vector Graphic - Fill","hd":false}],"ip":30,"op":65,"st":-52,"bm":0},{"ddd":0,"ind":3,"ty":4,"nm":"Grad_heart","parent":1,"sr":1,"ks":{"o":{"a":1,"k":[{"i":{"x":[0.833],"y":[0.833]},"o":{"x":[0.167],"y":[0.167]},"t":1,"s":[0],"e":[100]},{"t":2}],"ix":11},"r":{"a":0,"k":0,"ix":10},"p":{"a":0,"k":[0,7,0],"ix":2},"a":{"a":0,"k":[370,240,0],"ix":1},"s":{"a":0,"k":[100,100,100],"ix":6}},"ao":0,"shapes":[{"ty":"gr","it":[{"ind":0,"ty":"sh","ix":1,"ks":{"a":0,"k":{"i":[[0,0],[0,0],[0,0],[0,0]],"o":[[0,0],[0,0],[0,0],[0,0]],"v":[[355.625,342.427],[324.72,378.723],[393.242,391.313],[388.867,360.935]],"c":true},"ix":2},"nm":"Path 1","mn":"ADBE Vector Shape - Group","hd":false},{"ty":"fl","c":{"a":0,"k":[0.764705942191,0.333333333333,0.498039245605,1],"ix":4},"o":{"a":0,"k":100,"ix":5},"r":1,"bm":0,"nm":"Fill 1","mn":"ADBE Vector Graphic - Fill","hd":false},{"ty":"tr","p":{"a":0,"k":[0,0],"ix":2},"a":{"a":0,"k":[0,0],"ix":1},"s":{"a":0,"k":[100,100],"ix":3},"r":{"a":0,"k":0,"ix":6},"o":{"a":1,"k":[{"i":{"x":[0.833],"y":[0.833]},"o":{"x":[0.167],"y":[0.167]},"t":23,"s":[0],"e":[100]},{"t":24}],"ix":7},"sk":{"a":0,"k":0,"ix":4},"sa":{"a":0,"k":0,"ix":5},"nm":"Transform"}],"nm":"Shape 1","np":3,"cix":2,"bm":0,"ix":1,"mn":"ADBE Vector Group","hd":false},{"ty":"gr","it":[{"ind":0,"ty":"sh","ix":1,"ks":{"a":0,"k":{"i":[[-13.961,-11.727],[-11.727,13.961],[13.788,11.583],[11.583,-13.788]],"o":[[13.788,11.583],[11.583,-13.788],[-13.961,-11.727],[-11.727,13.961]],"v":[[289.169,372.65],[334.665,368.535],[330.867,323.011],[285.199,326.982]],"c":true},"ix":2},"nm":".","mn":"ADBE Vector Shape - Group","hd":false},{"ty":"fl","c":{"a":1,"k":[{"i":{"x":[0.833],"y":[0.833]},"o":{"x":[0.167],"y":[0.167]},"t":18,"s":[0.203921586275,0.396078467369,0.721568644047,1],"e":[0.764705955982,0.333333343267,0.498039245605,1]},{"t":23}],"ix":4},"o":{"a":0,"k":100,"ix":5},"r":1,"bm":0,"nm":"Fill 1","mn":"ADBE Vector Graphic - Fill","hd":false},{"ty":"tr","p":{"a":0,"k":[0,0],"ix":2},"a":{"a":0,"k":[0,0],"ix":1},"s":{"a":0,"k":[100,100],"ix":3},"r":{"a":0,"k":0,"ix":6},"o":{"a":1,"k":[{"i":{"x":[0.833],"y":[0.833]},"o":{"x":[0.167],"y":[0.167]},"t":22,"s":[0],"e":[100]},{"t":23}],"ix":7},"sk":{"a":0,"k":0,"ix":4},"sa":{"a":0,"k":0,"ix":5},"nm":"Transform"}],"nm":".","np":3,"cix":2,"bm":0,"ix":2,"mn":"ADBE Vector Group","hd":false},{"ty":"gr","it":[{"ind":0,"ty":"sh","ix":1,"ks":{"a":0,"k":{"i":[[-14.638,-10.871],[-10.871,14.638],[14.457,10.737],[10.737,-14.457]],"o":[[14.457,10.737],[10.737,-14.457],[-14.638,-10.871],[-10.871,14.638]],"v":[[304.529,384.775],[349.697,377.944],[343.181,332.73],[297.833,339.426]],"c":true},"ix":2},"nm":".","mn":"ADBE Vector Shape - Group","hd":false},{"ty":"fl","c":{"a":1,"k":[{"i":{"x":[0.833],"y":[0.833]},"o":{"x":[0.167],"y":[0.167]},"t":18,"s":[0.203921586275,0.396078467369,0.721568644047,1],"e":[0.764705955982,0.333333343267,0.498039245605,1]},{"t":23}],"ix":4},"o":{"a":0,"k":100,"ix":5},"r":1,"bm":0,"nm":"Fill 1","mn":"ADBE Vector Graphic - Fill","hd":false},{"ty":"tr","p":{"a":0,"k":[0,0],"ix":2},"a":{"a":0,"k":[0,0],"ix":1},"s":{"a":0,"k":[100,100],"ix":3},"r":{"a":0,"k":0,"ix":6},"o":{"a":1,"k":[{"i":{"x":[0.833],"y":[0.833]},"o":{"x":[0.167],"y":[0.167]},"t":22,"s":[0],"e":[100]},{"t":23}],"ix":7},"sk":{"a":0,"k":0,"ix":4},"sa":{"a":0,"k":0,"ix":5},"nm":"Transform"}],"nm":". 2","np":3,"cix":2,"bm":0,"ix":3,"mn":"ADBE Vector Group","hd":false},{"ty":"gr","it":[{"ind":0,"ty":"sh","ix":1,"ks":{"a":0,"k":{"i":[[-15.245,-10.001],[-10.001,15.245],[15.057,9.878],[9.878,-15.057]],"o":[[15.057,9.878],[9.878,-15.057],[-15.245,-10.001],[-10.001,15.245]],"v":[[320.574,395.971],[365.268,386.525],[356.135,341.766],[311.252,351.088]],"c":true},"ix":2},"nm":".","mn":"ADBE Vector Shape - Group","hd":false},{"ty":"fl","c":{"a":1,"k":[{"i":{"x":[0.833],"y":[0.833]},"o":{"x":[0.167],"y":[0.167]},"t":18,"s":[0.203921586275,0.396078467369,0.721568644047,1],"e":[0.764705955982,0.333333343267,0.498039245605,1]},{"t":23}],"ix":4},"o":{"a":0,"k":100,"ix":5},"r":1,"bm":0,"nm":"Fill 1","mn":"ADBE Vector Graphic - Fill","hd":false},{"ty":"tr","p":{"a":0,"k":[0,0],"ix":2},"a":{"a":0,"k":[0,0],"ix":1},"s":{"a":0,"k":[100,100],"ix":3},"r":{"a":0,"k":0,"ix":6},"o":{"a":1,"k":[{"i":{"x":[0.833],"y":[0.833]},"o":{"x":[0.167],"y":[0.167]},"t":22,"s":[0],"e":[100]},{"t":23}],"ix":7},"sk":{"a":0,"k":0,"ix":4},"sa":{"a":0,"k":0,"ix":5},"nm":"Transform"}],"nm":". 3","np":3,"cix":2,"bm":0,"ix":4,"mn":"ADBE Vector Group","hd":false},{"ty":"gr","it":[{"ind":0,"ty":"sh","ix":1,"ks":{"a":0,"k":{"i":[[-15.157,-8.759],[-8.759,15.157],[14.97,8.651],[8.651,-14.97]],"o":[[14.97,8.651],[8.651,-14.97],[-15.157,-8.759],[-8.759,15.157]],"v":[[335.122,404.355],[377.452,392.873],[366.266,350.463],[323.748,361.837]],"c":true},"ix":2},"nm":".","mn":"ADBE Vector Shape - Group","hd":false},{"ty":"fl","c":{"a":1,"k":[{"i":{"x":[0.833],"y":[0.833]},"o":{"x":[0.167],"y":[0.167]},"t":18,"s":[0.203921586275,0.396078467369,0.721568644047,1],"e":[0.764705955982,0.333333343267,0.498039245605,1]},{"t":23}],"ix":4},"o":{"a":0,"k":100,"ix":5},"r":1,"bm":0,"nm":"Fill 1","mn":"ADBE Vector Graphic - Fill","hd":false},{"ty":"tr","p":{"a":0,"k":[-1.016,-0.386],"ix":2},"a":{"a":0,"k":[0,0],"ix":1},"s":{"a":0,"k":[100,100],"ix":3},"r":{"a":0,"k":0,"ix":6},"o":{"a":1,"k":[{"i":{"x":[0.833],"y":[0.833]},"o":{"x":[0.167],"y":[0.167]},"t":23,"s":[0],"e":[100]},{"t":24}],"ix":7},"sk":{"a":0,"k":0,"ix":4},"sa":{"a":0,"k":0,"ix":5},"nm":"Transform"}],"nm":". 4","np":3,"cix":2,"bm":0,"ix":5,"mn":"ADBE Vector Group","hd":false},{"ty":"gr","it":[{"ind":0,"ty":"sh","ix":1,"ks":{"a":0,"k":{"i":[[-16.264,-8.241],[-8.241,16.264],[16.064,8.139],[8.139,-16.064]],"o":[[16.064,8.139],[8.139,-16.064],[-16.264,-8.241],[-8.241,16.264]],"v":[[354.431,415.534],[397.795,401.168],[383.731,357.705],[340.166,371.969]],"c":true},"ix":2},"nm":".","mn":"ADBE Vector Shape - Group","hd":false},{"ty":"fl","c":{"a":1,"k":[{"i":{"x":[0.833],"y":[0.833]},"o":{"x":[0.167],"y":[0.167]},"t":18,"s":[0.203921586275,0.396078467369,0.721568644047,1],"e":[0.764705955982,0.333333343267,0.498039245605,1]},{"t":23}],"ix":4},"o":{"a":0,"k":100,"ix":5},"r":1,"bm":0,"nm":"Fill 1","mn":"ADBE Vector Graphic - Fill","hd":false},{"ty":"tr","p":{"a":0,"k":[0,0],"ix":2},"a":{"a":0,"k":[0,0],"ix":1},"s":{"a":0,"k":[100,100],"ix":3},"r":{"a":0,"k":0,"ix":6},"o":{"a":1,"k":[{"i":{"x":[0.833],"y":[0.833]},"o":{"x":[0.167],"y":[0.167]},"t":23,"s":[0],"e":[100]},{"t":24}],"ix":7},"sk":{"a":0,"k":0,"ix":4},"sa":{"a":0,"k":0,"ix":5},"nm":"Transform"}],"nm":". 5","np":3,"cix":2,"bm":0,"ix":6,"mn":"ADBE Vector Group","hd":false},{"ty":"gr","it":[{"ind":0,"ty":"sh","ix":1,"ks":{"a":0,"k":{"i":[[-18.092,2.261],[2.261,18.092],[17.869,-2.234],[-2.234,-17.869]],"o":[[17.869,-2.234],[-2.234,-17.869],[-18.092,2.261],[2.261,18.092]],"v":[[158.52,467.124],[186.44,430.968],[150.479,402.797],[122.335,438.981]],"c":true},"ix":2},"nm":".","mn":"ADBE Vector Shape - Group","hd":false},{"ty":"fl","c":{"a":0,"k":[0.862154493145,0.940633138021,0.977273798924,1],"ix":4},"o":{"a":0,"k":100,"ix":5},"r":1,"bm":0,"nm":"Fill 1","mn":"ADBE Vector Graphic - Fill","hd":false},{"ty":"tr","p":{"a":0,"k":[0,0],"ix":2},"a":{"a":0,"k":[0,0],"ix":1},"s":{"a":0,"k":[100,100],"ix":3},"r":{"a":0,"k":0,"ix":6},"o":{"a":0,"k":0,"ix":7},"sk":{"a":0,"k":0,"ix":4},"sa":{"a":0,"k":0,"ix":5},"nm":"Transform"}],"nm":". 84","np":3,"cix":2,"bm":0,"ix":7,"mn":"ADBE Vector Group","hd":false},{"ty":"gr","it":[{"ind":0,"ty":"sh","ix":1,"ks":{"a":0,"k":{"i":[[-18.092,2.261],[2.261,18.092],[17.869,-2.234],[-2.234,-17.869]],"o":[[17.869,-2.234],[-2.234,-17.869],[-18.092,2.261],[2.261,18.092]],"v":[[179.729,464.473],[207.649,428.317],[171.688,400.146],[143.545,436.33]],"c":true},"ix":2},"nm":".","mn":"ADBE Vector Shape - Group","hd":false},{"ty":"fl","c":{"a":0,"k":[0.853130146101,0.931703275793,0.971037083046,1],"ix":4},"o":{"a":0,"k":100,"ix":5},"r":1,"bm":0,"nm":"Fill 1","mn":"ADBE Vector Graphic - Fill","hd":false},{"ty":"tr","p":{"a":0,"k":[0,0],"ix":2},"a":{"a":0,"k":[0,0],"ix":1},"s":{"a":0,"k":[100,100],"ix":3},"r":{"a":0,"k":0,"ix":6},"o":{"a":1,"k":[{"t":2,"s":[0],"h":1},{"t":3,"s":[100],"h":1},{"t":4,"s":[0],"h":1}],"ix":7},"sk":{"a":0,"k":0,"ix":4},"sa":{"a":0,"k":0,"ix":5},"nm":"Transform"}],"nm":". 85","np":3,"cix":2,"bm":0,"ix":8,"mn":"ADBE Vector Group","hd":false},{"ty":"gr","it":[{"ind":0,"ty":"sh","ix":1,"ks":{"a":0,"k":{"i":[[-18.092,2.262],[2.261,18.092],[17.869,-2.234],[-2.234,-17.869]],"o":[[17.869,-2.234],[-2.234,-17.869],[-18.092,2.261],[2.261,18.092]],"v":[[200.937,461.822],[228.857,425.666],[192.897,397.495],[164.753,433.679]],"c":true},"ix":2},"nm":".","mn":"ADBE Vector Shape - Group","hd":false},{"ty":"fl","c":{"a":0,"k":[0.844105858896,0.922773413565,0.964800367168,1],"ix":4},"o":{"a":0,"k":100,"ix":5},"r":1,"bm":0,"nm":"Fill 1","mn":"ADBE Vector Graphic - Fill","hd":false},{"ty":"tr","p":{"a":0,"k":[0,0],"ix":2},"a":{"a":0,"k":[0,0],"ix":1},"s":{"a":0,"k":[100,100],"ix":3},"r":{"a":0,"k":0,"ix":6},"o":{"a":1,"k":[{"t":2,"s":[0],"h":1},{"t":3,"s":[100],"h":1},{"t":5,"s":[0],"h":1}],"ix":7},"sk":{"a":0,"k":0,"ix":4},"sa":{"a":0,"k":0,"ix":5},"nm":"Transform"}],"nm":". 86","np":3,"cix":2,"bm":0,"ix":9,"mn":"ADBE Vector Group","hd":false},{"ty":"gr","it":[{"ind":0,"ty":"sh","ix":1,"ks":{"a":0,"k":{"i":[[-18.092,2.261],[2.261,18.092],[17.869,-2.234],[-2.234,-17.869]],"o":[[17.869,-2.234],[-2.234,-17.869],[-18.092,2.262],[2.261,18.092]],"v":[[222.147,459.171],[250.067,423.015],[214.106,394.844],[185.963,431.028]],"c":true},"ix":2},"nm":".","mn":"ADBE Vector Shape - Group","hd":false},{"ty":"fl","c":{"a":0,"k":[0.835081511853,0.913843611175,0.958563711129,1],"ix":4},"o":{"a":0,"k":100,"ix":5},"r":1,"bm":0,"nm":"Fill 1","mn":"ADBE Vector Graphic - Fill","hd":false},{"ty":"tr","p":{"a":0,"k":[0,0],"ix":2},"a":{"a":0,"k":[0,0],"ix":1},"s":{"a":0,"k":[100,100],"ix":3},"r":{"a":0,"k":0,"ix":6},"o":{"a":1,"k":[{"t":2,"s":[0],"h":1},{"t":3,"s":[100],"h":1},{"t":6,"s":[0],"h":1}],"ix":7},"sk":{"a":0,"k":0,"ix":4},"sa":{"a":0,"k":0,"ix":5},"nm":"Transform"}],"nm":". 87","np":3,"cix":2,"bm":0,"ix":10,"mn":"ADBE Vector Group","hd":false},{"ty":"gr","it":[{"ind":0,"ty":"sh","ix":1,"ks":{"a":0,"k":{"i":[[-18.092,2.261],[2.262,18.092],[17.869,-2.234],[-2.234,-17.869]],"o":[[17.869,-2.234],[-2.234,-17.869],[-18.092,2.261],[2.261,18.092]],"v":[[243.355,456.52],[271.275,420.364],[235.315,392.193],[207.171,428.377]],"c":true},"ix":2},"nm":".","mn":"ADBE Vector Shape - Group","hd":false},{"ty":"fl","c":{"a":0,"k":[0.826057224648,0.904913808785,0.952326935413,1],"ix":4},"o":{"a":0,"k":100,"ix":5},"r":1,"bm":0,"nm":"Fill 1","mn":"ADBE Vector Graphic - Fill","hd":false},{"ty":"tr","p":{"a":0,"k":[0,0],"ix":2},"a":{"a":0,"k":[0,0],"ix":1},"s":{"a":0,"k":[100,100],"ix":3},"r":{"a":0,"k":0,"ix":6},"o":{"a":1,"k":[{"t":2,"s":[0],"h":1},{"t":3,"s":[100],"h":1},{"t":7,"s":[0],"h":1}],"ix":7},"sk":{"a":0,"k":0,"ix":4},"sa":{"a":0,"k":0,"ix":5},"nm":"Transform"}],"nm":". 88","np":3,"cix":2,"bm":0,"ix":11,"mn":"ADBE Vector Group","hd":false},{"ty":"gr","it":[{"ind":0,"ty":"sh","ix":1,"ks":{"a":0,"k":{"i":[[-18.025,2.743],[2.743,18.025],[17.803,-2.709],[-2.709,-17.803]],"o":[[17.803,-2.709],[-2.709,-17.803],[-18.025,2.743],[2.743,18.025]],"v":[[264.608,453.692],[291.554,416.804],[254.855,389.602],[227.686,426.523]],"c":true},"ix":2},"nm":".","mn":"ADBE Vector Shape - Group","hd":false},{"ty":"fl","c":{"a":0,"k":[0.817032817766,0.895983946557,0.946090219535,1],"ix":4},"o":{"a":0,"k":100,"ix":5},"r":1,"bm":0,"nm":"Fill 1","mn":"ADBE Vector Graphic - Fill","hd":false},{"ty":"tr","p":{"a":0,"k":[0,0],"ix":2},"a":{"a":0,"k":[0,0],"ix":1},"s":{"a":0,"k":[100,100],"ix":3},"r":{"a":0,"k":0,"ix":6},"o":{"a":1,"k":[{"t":2,"s":[0],"h":1},{"t":3,"s":[100],"h":1},{"t":9,"s":[0],"h":1}],"ix":7},"sk":{"a":0,"k":0,"ix":4},"sa":{"a":0,"k":0,"ix":5},"nm":"Transform"}],"nm":". 89","np":3,"cix":2,"bm":0,"ix":12,"mn":"ADBE Vector Group","hd":false},{"ty":"gr","it":[{"ind":0,"ty":"sh","ix":1,"ks":{"a":0,"k":{"i":[[-17.875,3.594],[3.594,17.875],[17.655,-3.549],[-3.549,-17.655]],"o":[[17.655,-3.549],[-3.549,-17.655],[-17.875,3.594],[3.594,17.875]],"v":[[285.77,449.956],[310.938,411.833],[272.992,386.399],[247.603,424.567]],"c":true},"ix":2},"nm":".","mn":"ADBE Vector Shape - Group","hd":false},{"ty":"fl","c":{"a":0,"k":[0.808008470722,0.887054084329,0.939853563496,1],"ix":4},"o":{"a":0,"k":100,"ix":5},"r":1,"bm":0,"nm":"Fill 1","mn":"ADBE Vector Graphic - Fill","hd":false},{"ty":"tr","p":{"a":0,"k":[0,0],"ix":2},"a":{"a":0,"k":[0,0],"ix":1},"s":{"a":0,"k":[100,100],"ix":3},"r":{"a":0,"k":0,"ix":6},"o":{"a":1,"k":[{"t":2,"s":[0],"h":1},{"t":3,"s":[100],"h":1},{"t":11,"s":[0],"h":1}],"ix":7},"sk":{"a":0,"k":0,"ix":4},"sa":{"a":0,"k":0,"ix":5},"nm":"Transform"}],"nm":". 90","np":3,"cix":2,"bm":0,"ix":13,"mn":"ADBE Vector Group","hd":false},{"ty":"gr","it":[{"ind":0,"ty":"sh","ix":1,"ks":{"a":0,"k":{"i":[[-17.674,4.479],[4.479,17.674],[17.456,-4.424],[-4.424,-17.456]],"o":[[17.456,-4.424],[-4.424,-17.456],[-17.674,4.479],[4.479,17.674]],"v":[[306.731,445.194],[329.97,405.866],[290.805,382.353],[267.347,421.737]],"c":true},"ix":2},"nm":".","mn":"ADBE Vector Shape - Group","hd":false},{"ty":"fl","c":{"a":0,"k":[0.798984183517,0.878124222101,0.93361678778,1],"ix":4},"o":{"a":0,"k":100,"ix":5},"r":1,"bm":0,"nm":"Fill 1","mn":"ADBE Vector Graphic - Fill","hd":false},{"ty":"tr","p":{"a":0,"k":[0,0],"ix":2},"a":{"a":0,"k":[0,0],"ix":1},"s":{"a":0,"k":[100,100],"ix":3},"r":{"a":0,"k":0,"ix":6},"o":{"a":1,"k":[{"t":2,"s":[0],"h":1},{"t":3,"s":[100],"h":1},{"t":13,"s":[0],"h":1}],"ix":7},"sk":{"a":0,"k":0,"ix":4},"sa":{"a":0,"k":0,"ix":5},"nm":"Transform"}],"nm":". 91","np":3,"cix":2,"bm":0,"ix":14,"mn":"ADBE Vector Group","hd":false},{"ty":"gr","it":[{"ind":0,"ty":"sh","ix":1,"ks":{"a":0,"k":{"i":[[-17.416,5.395],[5.395,17.416],[17.201,-5.328],[-5.328,-17.201]],"o":[[17.201,-5.328],[-5.328,-17.201],[-17.416,5.395],[5.395,17.416]],"v":[[327.427,439.369],[348.584,398.882],[308.245,377.444],[286.874,417.997]],"c":true},"ix":2},"nm":".","mn":"ADBE Vector Shape - Group","hd":false},{"ty":"fl","c":{"a":1,"k":[{"i":{"x":[0.833],"y":[0.833]},"o":{"x":[0.167],"y":[0.167]},"t":18,"s":[0.789959836474,0.869194419711,0.927380071902,1],"e":[1,0.823529481888,0.784313797951,1]},{"t":23}],"ix":4},"o":{"a":1,"k":[{"i":{"x":[0.833],"y":[0.833]},"o":{"x":[0.167],"y":[0.167]},"t":23,"s":[100],"e":[0]},{"t":24}],"ix":5},"r":1,"bm":0,"nm":"Fill 1","mn":"ADBE Vector Graphic - Fill","hd":false},{"ty":"tr","p":{"a":0,"k":[0,0],"ix":2},"a":{"a":0,"k":[0,0],"ix":1},"s":{"a":0,"k":[100,100],"ix":3},"r":{"a":0,"k":0,"ix":6},"o":{"a":1,"k":[{"t":2,"s":[0],"h":1},{"t":3,"s":[100],"h":1},{"t":15,"s":[0],"h":1}],"ix":7},"sk":{"a":0,"k":0,"ix":4},"sa":{"a":0,"k":0,"ix":5},"nm":"Transform"}],"nm":". 92","np":3,"cix":2,"bm":0,"ix":15,"mn":"ADBE Vector Group","hd":false},{"ty":"gr","it":[{"ind":0,"ty":"sh","ix":1,"ks":{"a":0,"k":{"i":[[-17.097,6.335],[6.335,17.097],[16.886,-6.257],[-6.257,-16.886]],"o":[[16.886,-6.257],[-6.257,-16.886],[-17.097,6.335],[6.335,17.097]],"v":[[347.789,432.446],[366.709,390.867],[325.263,371.657],[306.132,413.315]],"c":true},"ix":2},"nm":".","mn":"ADBE Vector Shape - Group","hd":false},{"ty":"fl","c":{"a":1,"k":[{"i":{"x":[0.833],"y":[0.833]},"o":{"x":[0.167],"y":[0.167]},"t":18,"s":[0.780935549269,0.860264617322,0.921143415862,1],"e":[1,0.823529481888,0.784313797951,1]},{"t":23}],"ix":4},"o":{"a":1,"k":[{"i":{"x":[0.833],"y":[0.833]},"o":{"x":[0.167],"y":[0.167]},"t":23,"s":[100],"e":[0]},{"t":24}],"ix":5},"r":1,"bm":0,"nm":"Fill 1","mn":"ADBE Vector Graphic - Fill","hd":false},{"ty":"tr","p":{"a":0,"k":[0,0],"ix":2},"a":{"a":0,"k":[0,0],"ix":1},"s":{"a":0,"k":[100,100],"ix":3},"r":{"a":0,"k":0,"ix":6},"o":{"a":1,"k":[{"t":2,"s":[0],"h":1},{"t":3,"s":[100],"h":1},{"t":19,"s":[0],"h":1}],"ix":7},"sk":{"a":0,"k":0,"ix":4},"sa":{"a":0,"k":0,"ix":5},"nm":"Transform"}],"nm":". 93","np":3,"cix":2,"bm":0,"ix":16,"mn":"ADBE Vector Group","hd":false},{"ty":"gr","it":[{"ind":0,"ty":"sh","ix":1,"ks":{"a":0,"k":{"i":[[-16.71,7.294],[7.294,16.71],[16.504,-7.204],[-7.204,-16.504]],"o":[[16.504,-7.204],[-7.204,-16.504],[-16.71,7.294],[7.294,16.71]],"v":[[367.739,424.4],[384.274,381.816],[341.806,364.985],[325.065,407.66]],"c":true},"ix":2},"nm":".","mn":"ADBE Vector Shape - Group","hd":false},{"ty":"fl","c":{"a":1,"k":[{"i":{"x":[0.833],"y":[0.833]},"o":{"x":[0.167],"y":[0.167]},"t":18,"s":[0.771911142387,0.851334755093,0.914906699985,1],"e":[1,0.823529481888,0.784313797951,1]},{"t":23}],"ix":4},"o":{"a":1,"k":[{"i":{"x":[0.833],"y":[0.833]},"o":{"x":[0.167],"y":[0.167]},"t":23,"s":[100],"e":[0]},{"t":24}],"ix":5},"r":1,"bm":0,"nm":"Fill 1","mn":"ADBE Vector Graphic - Fill","hd":false},{"ty":"tr","p":{"a":0,"k":[0,0],"ix":2},"a":{"a":0,"k":[0,0],"ix":1},"s":{"a":0,"k":[100,100],"ix":3},"r":{"a":0,"k":0,"ix":6},"o":{"a":1,"k":[{"t":2,"s":[0],"h":1},{"t":3,"s":[100],"h":1},{"t":23,"s":[0],"h":1}],"ix":7},"sk":{"a":0,"k":0,"ix":4},"sa":{"a":0,"k":0,"ix":5},"nm":"Transform"}],"nm":". 95","np":3,"cix":2,"bm":0,"ix":17,"mn":"ADBE Vector Group","hd":false},{"ty":"gr","it":[{"ind":0,"ty":"sh","ix":1,"ks":{"a":0,"k":{"i":[[-16.253,8.262],[8.262,16.253],[16.053,-8.16],[-8.16,-16.053]],"o":[[16.053,-8.16],[-8.16,-16.053],[-16.253,8.262],[8.262,16.253]],"v":[[387.196,415.215],[401.202,371.733],[357.819,357.425],[343.613,401.008]],"c":true},"ix":2},"nm":".","mn":"ADBE Vector Shape - Group","hd":false},{"ty":"fl","c":{"a":1,"k":[{"i":{"x":[0.833],"y":[0.833]},"o":{"x":[0.167],"y":[0.167]},"t":18,"s":[0.762886855182,0.842404892865,0.908669924269,1],"e":[1,0.823529481888,0.784313797951,1]},{"t":23}],"ix":4},"o":{"a":0,"k":100,"ix":5},"r":1,"bm":0,"nm":"Fill 1","mn":"ADBE Vector Graphic - Fill","hd":false},{"ty":"tr","p":{"a":0,"k":[0,0],"ix":2},"a":{"a":0,"k":[0,0],"ix":1},"s":{"a":0,"k":[100,100],"ix":3},"r":{"a":0,"k":0,"ix":6},"o":{"a":1,"k":[{"t":2,"s":[0],"h":1},{"t":4,"s":[100],"h":1}],"ix":7},"sk":{"a":0,"k":0,"ix":4},"sa":{"a":0,"k":0,"ix":5},"nm":"Transform"}],"nm":". 96","np":3,"cix":2,"bm":0,"ix":18,"mn":"ADBE Vector Group","hd":false},{"ty":"gr","it":[{"ind":0,"ty":"sh","ix":1,"ks":{"a":0,"k":{"i":[[-15.814,9.075],[9.075,15.814],[15.619,-8.963],[-8.963,-15.619]],"o":[[15.619,-8.963],[-8.963,-15.619],[-15.814,9.075],[9.075,15.814]],"v":[[403.037,406.647],[414.823,362.512],[370.771,350.419],[358.79,394.666]],"c":true},"ix":2},"nm":".","mn":"ADBE Vector Shape - Group","hd":false},{"ty":"fl","c":{"a":1,"k":[{"i":{"x":[0.833],"y":[0.833]},"o":{"x":[0.167],"y":[0.167]},"t":18,"s":[0.752941250801,0.835294187069,0.901960849762,1],"e":[0.998110124177,0.824049168007,0.786085540173,1]},{"t":23}],"ix":4},"o":{"a":0,"k":100,"ix":5},"r":1,"bm":0,"nm":"Fill 1","mn":"ADBE Vector Graphic - Fill","hd":false},{"ty":"tr","p":{"a":0,"k":[0,0],"ix":2},"a":{"a":0,"k":[0,0],"ix":1},"s":{"a":0,"k":[100,100],"ix":3},"r":{"a":0,"k":0,"ix":6},"o":{"a":1,"k":[{"t":2,"s":[0],"h":1},{"t":4,"s":[100],"h":1}],"ix":7},"sk":{"a":0,"k":0,"ix":4},"sa":{"a":0,"k":0,"ix":5},"nm":"Transform"}],"nm":". 6","np":3,"cix":2,"bm":0,"ix":19,"mn":"ADBE Vector Group","hd":false},{"ty":"gr","it":[{"ind":0,"ty":"sh","ix":1,"ks":{"a":0,"k":{"i":[[-15.276,9.954],[9.954,15.276],[15.088,-9.831],[-9.831,-15.088]],"o":[[15.088,-9.831],[-9.831,-15.088],[-15.276,9.954],[9.954,15.276]],"v":[[419.718,396.433],[428.992,351.702],[384.328,342.117],[374.865,386.97]],"c":true},"ix":2},"nm":".","mn":"ADBE Vector Shape - Group","hd":false},{"ty":"fl","c":{"a":1,"k":[{"i":{"x":[0.833],"y":[0.833]},"o":{"x":[0.167],"y":[0.167]},"t":18,"s":[0.745098054409,0.823529481888,0.898039281368,1],"e":[0.994330312691,0.817245483398,0.781785972446,1]},{"t":23}],"ix":4},"o":{"a":0,"k":100,"ix":5},"r":1,"bm":0,"nm":"Fill 1","mn":"ADBE Vector Graphic - Fill","hd":false},{"ty":"tr","p":{"a":0,"k":[0,0],"ix":2},"a":{"a":0,"k":[0,0],"ix":1},"s":{"a":0,"k":[100,100],"ix":3},"r":{"a":0,"k":0,"ix":6},"o":{"a":1,"k":[{"t":2,"s":[0],"h":1},{"t":4,"s":[100],"h":1}],"ix":7},"sk":{"a":0,"k":0,"ix":4},"sa":{"a":0,"k":0,"ix":5},"nm":"Transform"}],"nm":". 7","np":3,"cix":2,"bm":0,"ix":20,"mn":"ADBE Vector Group","hd":false},{"ty":"gr","it":[{"ind":0,"ty":"sh","ix":1,"ks":{"a":0,"k":{"i":[[-14.673,10.824],[10.824,14.673],[14.492,-10.69],[-10.69,-14.492]],"o":[[14.492,-10.69],[-10.69,-14.492],[-14.673,10.824],[10.824,14.673]],"v":[[435.79,385.278],[442.452,340.085],[397.306,333.108],[390.463,378.435]],"c":true},"ix":2},"nm":".","mn":"ADBE Vector Shape - Group","hd":false},{"ty":"fl","c":{"a":1,"k":[{"i":{"x":[0.833],"y":[0.833]},"o":{"x":[0.167],"y":[0.167]},"t":18,"s":[0.737254917622,0.8156863451,0.890196144581,1],"e":[0.990550441368,0.81044179879,0.777486464557,1]},{"t":23}],"ix":4},"o":{"a":0,"k":100,"ix":5},"r":1,"bm":0,"nm":"Fill 1","mn":"ADBE Vector Graphic - Fill","hd":false},{"ty":"tr","p":{"a":0,"k":[0,0],"ix":2},"a":{"a":0,"k":[0,0],"ix":1},"s":{"a":0,"k":[100,100],"ix":3},"r":{"a":0,"k":0,"ix":6},"o":{"a":1,"k":[{"t":2,"s":[0],"h":1},{"t":4,"s":[100],"h":1}],"ix":7},"sk":{"a":0,"k":0,"ix":4},"sa":{"a":0,"k":0,"ix":5},"nm":"Transform"}],"nm":". 8","np":3,"cix":2,"bm":0,"ix":21,"mn":"ADBE Vector Group","hd":false},{"ty":"gr","it":[{"ind":0,"ty":"sh","ix":1,"ks":{"a":0,"k":{"i":[[-14,11.681],[11.681,14],[13.827,-11.537],[-11.537,-13.827]],"o":[[13.827,-11.537],[-11.537,-13.827],[-14,11.681],[11.681,14]],"v":[[451.181,373.193],[455.13,327.683],[409.649,323.416],[405.526,369.071]],"c":true},"ix":2},"nm":".","mn":"ADBE Vector Shape - Group","hd":false},{"ty":"fl","c":{"a":1,"k":[{"i":{"x":[0.833],"y":[0.833]},"o":{"x":[0.167],"y":[0.167]},"t":18,"s":[0.737254917622,0.8156863451,0.890196144581,1],"e":[0.986770629883,0.803638114181,0.773186836991,1]},{"t":23}],"ix":4},"o":{"a":0,"k":100,"ix":5},"r":1,"bm":0,"nm":"Fill 1","mn":"ADBE Vector Graphic - Fill","hd":false},{"ty":"tr","p":{"a":0,"k":[0,0],"ix":2},"a":{"a":0,"k":[0,0],"ix":1},"s":{"a":0,"k":[100,100],"ix":3},"r":{"a":0,"k":0,"ix":6},"o":{"a":1,"k":[{"t":2,"s":[0],"h":1},{"t":4,"s":[100],"h":1}],"ix":7},"sk":{"a":0,"k":0,"ix":4},"sa":{"a":0,"k":0,"ix":5},"nm":"Transform"}],"nm":". 9","np":3,"cix":2,"bm":0,"ix":22,"mn":"ADBE Vector Group","hd":false},{"ty":"gr","it":[{"ind":0,"ty":"sh","ix":1,"ks":{"a":0,"k":{"i":[[-13.252,12.523],[12.523,13.252],[13.089,-12.368],[-12.368,-13.089]],"o":[[13.089,-12.368],[-12.368,-13.089],[-13.252,12.523],[12.523,13.252]],"v":[[465.812,360.193],[466.946,314.526],[421.287,313.075],[419.99,358.897]],"c":true},"ix":2},"nm":".","mn":"ADBE Vector Shape - Group","hd":false},{"ty":"fl","c":{"a":1,"k":[{"i":{"x":[0.833],"y":[0.833]},"o":{"x":[0.167],"y":[0.167]},"t":18,"s":[0.72549021244,0.807843208313,0.882353007793,1],"e":[0.982990818398,0.796834429573,0.768887329102,1]},{"t":23}],"ix":4},"o":{"a":0,"k":100,"ix":5},"r":1,"bm":0,"nm":"Fill 1","mn":"ADBE Vector Graphic - Fill","hd":false},{"ty":"tr","p":{"a":0,"k":[0,0],"ix":2},"a":{"a":0,"k":[0,0],"ix":1},"s":{"a":0,"k":[100,100],"ix":3},"r":{"a":0,"k":0,"ix":6},"o":{"a":1,"k":[{"t":2,"s":[0],"h":1},{"t":4,"s":[100],"h":1}],"ix":7},"sk":{"a":0,"k":0,"ix":4},"sa":{"a":0,"k":0,"ix":5},"nm":"Transform"}],"nm":". 10","np":3,"cix":2,"bm":0,"ix":23,"mn":"ADBE Vector Group","hd":false},{"ty":"gr","it":[{"ind":0,"ty":"sh","ix":1,"ks":{"a":0,"k":{"i":[[-12.428,13.341],[13.341,12.428],[12.275,-13.176],[-13.176,-12.275]],"o":[[12.275,-13.176],[-13.176,-12.275],[-12.428,13.341],[13.341,12.428]],"v":[[479.603,346.297],[477.828,300.65],[432.169,302.108],[433.791,347.919]],"c":true},"ix":2},"nm":".","mn":"ADBE Vector Shape - Group","hd":false},{"ty":"fl","c":{"a":1,"k":[{"i":{"x":[0.833],"y":[0.833]},"o":{"x":[0.167],"y":[0.167]},"t":18,"s":[0.717647075653,0.796078503132,0.8784314394,1],"e":[0.979210947074,0.790030744964,0.764587761374,1]},{"t":23}],"ix":4},"o":{"a":0,"k":100,"ix":5},"r":1,"bm":0,"nm":"Fill 1","mn":"ADBE Vector Graphic - Fill","hd":false},{"ty":"tr","p":{"a":0,"k":[0,0],"ix":2},"a":{"a":0,"k":[0,0],"ix":1},"s":{"a":0,"k":[100,100],"ix":3},"r":{"a":0,"k":0,"ix":6},"o":{"a":1,"k":[{"t":2,"s":[0],"h":1},{"t":4,"s":[100],"h":1}],"ix":7},"sk":{"a":0,"k":0,"ix":4},"sa":{"a":0,"k":0,"ix":5},"nm":"Transform"}],"nm":". 11","np":3,"cix":2,"bm":0,"ix":24,"mn":"ADBE Vector Group","hd":false},{"ty":"gr","it":[{"ind":0,"ty":"sh","ix":1,"ks":{"a":0,"k":{"i":[[-11.787,13.91],[13.91,11.787],[11.642,-13.739],[-13.739,-11.642]],"o":[[11.642,-13.739],[-13.739,-11.642],[-11.787,13.91],[13.91,11.787]],"v":[[492.497,331.62],[488.578,286.107],[443.038,289.709],[446.813,335.394]],"c":true},"ix":2},"nm":".","mn":"ADBE Vector Shape - Group","hd":false},{"ty":"fl","c":{"a":1,"k":[{"i":{"x":[0.833],"y":[0.833]},"o":{"x":[0.167],"y":[0.167]},"t":18,"s":[0.709803938866,0.788235366344,0.870588302612,1],"e":[0.975431135589,0.783227000517,0.760288253485,1]},{"t":23}],"ix":4},"o":{"a":0,"k":100,"ix":5},"r":1,"bm":0,"nm":"Fill 1","mn":"ADBE Vector Graphic - Fill","hd":false},{"ty":"tr","p":{"a":0,"k":[0,0],"ix":2},"a":{"a":0,"k":[0,0],"ix":1},"s":{"a":0,"k":[100,100],"ix":3},"r":{"a":0,"k":0,"ix":6},"o":{"a":1,"k":[{"t":2,"s":[0],"h":1},{"t":5,"s":[100],"h":1}],"ix":7},"sk":{"a":0,"k":0,"ix":4},"sa":{"a":0,"k":0,"ix":5},"nm":"Transform"}],"nm":". 12","np":3,"cix":2,"bm":0,"ix":25,"mn":"ADBE Vector Group","hd":false},{"ty":"gr","it":[{"ind":0,"ty":"sh","ix":1,"ks":{"a":0,"k":{"i":[[-11.179,14.404],[14.404,11.179],[11.041,-14.226],[-14.226,-11.041]],"o":[[11.041,-14.226],[-14.226,-11.041],[-11.179,14.404],[14.404,11.179]],"v":[[504.807,316.461],[498.935,271.158],[453.593,276.714],[459.327,322.194]],"c":true},"ix":2},"nm":".","mn":"ADBE Vector Shape - Group","hd":false},{"ty":"fl","c":{"a":1,"k":[{"i":{"x":[0.833],"y":[0.833]},"o":{"x":[0.167],"y":[0.167]},"t":18,"s":[0.698039233685,0.780392229557,0.866666734219,1],"e":[0.971651324104,0.776423315908,0.755988685758,1]},{"t":23}],"ix":4},"o":{"a":0,"k":100,"ix":5},"r":1,"bm":0,"nm":"Fill 1","mn":"ADBE Vector Graphic - Fill","hd":false},{"ty":"tr","p":{"a":0,"k":[0,0],"ix":2},"a":{"a":0,"k":[0,0],"ix":1},"s":{"a":0,"k":[100,100],"ix":3},"r":{"a":0,"k":0,"ix":6},"o":{"a":1,"k":[{"t":2,"s":[0],"h":1},{"t":5,"s":[100],"h":1}],"ix":7},"sk":{"a":0,"k":0,"ix":4},"sa":{"a":0,"k":0,"ix":5},"nm":"Transform"}],"nm":". 13","np":3,"cix":2,"bm":0,"ix":26,"mn":"ADBE Vector Group","hd":false},{"ty":"gr","it":[{"ind":0,"ty":"sh","ix":1,"ks":{"a":0,"k":{"i":[[-10.504,14.903],[14.903,10.504],[10.375,-14.719],[-14.719,-10.375]],"o":[[10.375,-14.719],[-14.719,-10.375],[-10.504,14.903],[14.903,10.504]],"v":[[516.425,300.756],[508.476,255.771],[463.437,263.407],[471.256,308.575]],"c":true},"ix":2},"nm":".","mn":"ADBE Vector Shape - Group","hd":false},{"ty":"fl","c":{"a":1,"k":[{"i":{"x":[0.833],"y":[0.833]},"o":{"x":[0.167],"y":[0.167]},"t":18,"s":[0.690196096897,0.77254909277,0.858823597431,1],"e":[0.967871512619,0.7696196313,0.75168911803,1]},{"t":23}],"ix":4},"o":{"a":0,"k":100,"ix":5},"r":1,"bm":0,"nm":"Fill 1","mn":"ADBE Vector Graphic - Fill","hd":false},{"ty":"tr","p":{"a":0,"k":[0,0],"ix":2},"a":{"a":0,"k":[0,0],"ix":1},"s":{"a":0,"k":[100,100],"ix":3},"r":{"a":0,"k":0,"ix":6},"o":{"a":1,"k":[{"t":2,"s":[0],"h":1},{"t":5,"s":[100],"h":1}],"ix":7},"sk":{"a":0,"k":0,"ix":4},"sa":{"a":0,"k":0,"ix":5},"nm":"Transform"}],"nm":". 14","np":3,"cix":2,"bm":0,"ix":27,"mn":"ADBE Vector Group","hd":false},{"ty":"gr","it":[{"ind":0,"ty":"sh","ix":1,"ks":{"a":0,"k":{"i":[[-9.759,15.401],[15.401,9.759],[9.638,-15.211],[-15.211,-9.638]],"o":[[9.638,-15.211],[-15.211,-9.638],[-9.759,15.401],[15.401,9.759]],"v":[[527.288,284.511],[517.137,239.972],[472.528,249.813],[482.559,294.542]],"c":true},"ix":2},"nm":".","mn":"ADBE Vector Shape - Group","hd":false},{"ty":"fl","c":{"a":1,"k":[{"i":{"x":[0.833],"y":[0.833]},"o":{"x":[0.167],"y":[0.167]},"t":18,"s":[0.68235296011,0.760784387589,0.850980460644,1],"e":[0.964091641295,0.762815946691,0.747389550303,1]},{"t":23}],"ix":4},"o":{"a":0,"k":100,"ix":5},"r":1,"bm":0,"nm":"Fill 1","mn":"ADBE Vector Graphic - Fill","hd":false},{"ty":"tr","p":{"a":0,"k":[0,0],"ix":2},"a":{"a":0,"k":[0,0],"ix":1},"s":{"a":0,"k":[100,100],"ix":3},"r":{"a":0,"k":0,"ix":6},"o":{"a":1,"k":[{"t":2,"s":[0],"h":1},{"t":5,"s":[100],"h":1}],"ix":7},"sk":{"a":0,"k":0,"ix":4},"sa":{"a":0,"k":0,"ix":5},"nm":"Transform"}],"nm":". 15","np":3,"cix":2,"bm":0,"ix":28,"mn":"ADBE Vector Group","hd":false},{"ty":"gr","it":[{"ind":0,"ty":"sh","ix":1,"ks":{"a":0,"k":{"i":[[-8.909,15.908],[15.908,8.909],[8.799,-15.711],[-15.711,-8.799]],"o":[[8.799,-15.712],[-15.712,-8.799],[-8.909,15.908],[15.908,8.909]],"v":[[537.306,267.717],[524.755,223.794],[480.745,236.039],[493.186,280.159]],"c":true},"ix":2},"nm":".","mn":"ADBE Vector Shape - Group","hd":false},{"ty":"fl","c":{"a":1,"k":[{"i":{"x":[0.833],"y":[0.833]},"o":{"x":[0.167],"y":[0.167]},"t":18,"s":[0.674509823322,0.752941250801,0.84705889225,1],"e":[0.96031182981,0.756012321921,0.743090042413,1]},{"t":23}],"ix":4},"o":{"a":0,"k":100,"ix":5},"r":1,"bm":0,"nm":"Fill 1","mn":"ADBE Vector Graphic - Fill","hd":false},{"ty":"tr","p":{"a":0,"k":[0,0],"ix":2},"a":{"a":0,"k":[0,0],"ix":1},"s":{"a":0,"k":[100,100],"ix":3},"r":{"a":0,"k":0,"ix":6},"o":{"a":1,"k":[{"t":2,"s":[0],"h":1},{"t":5,"s":[100],"h":1}],"ix":7},"sk":{"a":0,"k":0,"ix":4},"sa":{"a":0,"k":0,"ix":5},"nm":"Transform"}],"nm":". 16","np":3,"cix":2,"bm":0,"ix":29,"mn":"ADBE Vector Group","hd":false},{"ty":"gr","it":[{"ind":0,"ty":"sh","ix":1,"ks":{"a":0,"k":{"i":[[-7.914,16.426],[16.426,7.914],[7.816,-16.223],[-16.223,-7.816]],"o":[[7.816,-16.223],[-16.223,-7.816],[-7.914,16.426],[16.426,7.914]],"v":[[546.346,250.358],[531.116,207.29],[487.943,222.219],[503.075,265.49]],"c":true},"ix":2},"nm":".","mn":"ADBE Vector Shape - Group","hd":false},{"ty":"fl","c":{"a":1,"k":[{"i":{"x":[0.833],"y":[0.833]},"o":{"x":[0.167],"y":[0.167]},"t":18,"s":[0.662745118141,0.745098054409,0.839215755463,1],"e":[0.956532018325,0.749208637312,0.738790474686,1]},{"t":23}],"ix":4},"o":{"a":0,"k":100,"ix":5},"r":1,"bm":0,"nm":"Fill 1","mn":"ADBE Vector Graphic - Fill","hd":false},{"ty":"tr","p":{"a":0,"k":[0,0],"ix":2},"a":{"a":0,"k":[0,0],"ix":1},"s":{"a":0,"k":[100,100],"ix":3},"r":{"a":0,"k":0,"ix":6},"o":{"a":1,"k":[{"t":2,"s":[0],"h":1},{"t":6,"s":[100],"h":1}],"ix":7},"sk":{"a":0,"k":0,"ix":4},"sa":{"a":0,"k":0,"ix":5},"nm":"Transform"}],"nm":". 17","np":3,"cix":2,"bm":0,"ix":30,"mn":"ADBE Vector Group","hd":false},{"ty":"gr","it":[{"ind":0,"ty":"sh","ix":1,"ks":{"a":0,"k":{"i":[[-6.715,16.951],[16.951,6.715],[6.633,-16.742],[-16.742,-6.633]],"o":[[6.633,-16.742],[-16.742,-6.633],[-6.715,16.951],[16.951,6.715]],"v":[[554.223,232.414],[535.944,190.549],[493.953,208.537],[512.149,250.611]],"c":true},"ix":2},"nm":".","mn":"ADBE Vector Shape - Group","hd":false},{"ty":"fl","c":{"a":1,"k":[{"i":{"x":[0.833],"y":[0.833]},"o":{"x":[0.167],"y":[0.167]},"t":18,"s":[0.654901981354,0.733333349228,0.835294187069,1],"e":[0.952752147001,0.742404952704,0.734490906958,1]},{"t":23}],"ix":4},"o":{"a":0,"k":100,"ix":5},"r":1,"bm":0,"nm":"Fill 1","mn":"ADBE Vector Graphic - Fill","hd":false},{"ty":"tr","p":{"a":0,"k":[0,0],"ix":2},"a":{"a":0,"k":[0,0],"ix":1},"s":{"a":0,"k":[100,100],"ix":3},"r":{"a":0,"k":0,"ix":6},"o":{"a":1,"k":[{"t":2,"s":[0],"h":1},{"t":6,"s":[100],"h":1}],"ix":7},"sk":{"a":0,"k":0,"ix":4},"sa":{"a":0,"k":0,"ix":5},"nm":"Transform"}],"nm":". 18","np":3,"cix":2,"bm":0,"ix":31,"mn":"ADBE Vector Group","hd":false},{"ty":"gr","it":[{"ind":0,"ty":"sh","ix":1,"ks":{"a":0,"k":{"i":[[-5.237,17.465],[17.465,5.237],[5.172,-17.249],[-17.249,-5.172]],"o":[[5.172,-17.249],[-17.249,-5.172],[-5.237,17.465],[17.465,5.237]],"v":[[560.679,213.877],[538.876,173.734],[498.583,195.257],[520.321,235.615]],"c":true},"ix":2},"nm":".","mn":"ADBE Vector Shape - Group","hd":false},{"ty":"fl","c":{"a":1,"k":[{"i":{"x":[0.833],"y":[0.833]},"o":{"x":[0.167],"y":[0.167]},"t":18,"s":[0.647058844566,0.72549021244,0.827451050282,1],"e":[0.948972335516,0.735601268095,0.730191339231,1]},{"t":23}],"ix":4},"o":{"a":0,"k":100,"ix":5},"r":1,"bm":0,"nm":"Fill 1","mn":"ADBE Vector Graphic - Fill","hd":false},{"ty":"tr","p":{"a":0,"k":[0,0],"ix":2},"a":{"a":0,"k":[0,0],"ix":1},"s":{"a":0,"k":[100,100],"ix":3},"r":{"a":0,"k":0,"ix":6},"o":{"a":1,"k":[{"t":2,"s":[0],"h":1},{"t":6,"s":[100],"h":1}],"ix":7},"sk":{"a":0,"k":0,"ix":4},"sa":{"a":0,"k":0,"ix":5},"nm":"Transform"}],"nm":". 19","np":3,"cix":2,"bm":0,"ix":32,"mn":"ADBE Vector Group","hd":false},{"ty":"gr","it":[{"ind":0,"ty":"sh","ix":1,"ks":{"a":0,"k":{"i":[[-3.377,17.917],[17.917,3.377],[3.336,-17.696],[-17.696,-3.336]],"o":[[3.336,-17.696],[-17.696,-3.336],[-3.377,17.917],[17.917,3.377]],"v":[[565.356,194.767],[539.466,157.131],[501.65,182.758],[527.499,220.616]],"c":true},"ix":2},"nm":".","mn":"ADBE Vector Shape - Group","hd":false},{"ty":"fl","c":{"a":1,"k":[{"i":{"x":[0.833],"y":[0.833]},"o":{"x":[0.167],"y":[0.167]},"t":18,"s":[0.647058844566,0.72549021244,0.827451050282,1],"e":[0.945192524031,0.728797583487,0.725891831342,1]},{"t":23}],"ix":4},"o":{"a":0,"k":100,"ix":5},"r":1,"bm":0,"nm":"Fill 1","mn":"ADBE Vector Graphic - Fill","hd":false},{"ty":"tr","p":{"a":0,"k":[0,0],"ix":2},"a":{"a":0,"k":[0,0],"ix":1},"s":{"a":0,"k":[100,100],"ix":3},"r":{"a":0,"k":0,"ix":6},"o":{"a":1,"k":[{"t":2,"s":[0],"h":1},{"t":6,"s":[100],"h":1}],"ix":7},"sk":{"a":0,"k":0,"ix":4},"sa":{"a":0,"k":0,"ix":5},"nm":"Transform"}],"nm":". 20","np":3,"cix":2,"bm":0,"ix":33,"mn":"ADBE Vector Group","hd":false},{"ty":"gr","it":[{"ind":0,"ty":"sh","ix":1,"ks":{"a":0,"k":{"i":[[-1.023,18.204],[18.204,1.022],[1.01,-17.979],[-17.979,-1.01]],"o":[[1.01,-17.979],[-17.979,-1.01],[-1.022,18.204],[18.204,1.022]],"v":[[567.773,175.184],[537.215,141.228],[503.047,171.549],[533.592,205.73]],"c":true},"ix":2},"nm":".","mn":"ADBE Vector Shape - Group","hd":false},{"ty":"fl","c":{"a":1,"k":[{"i":{"x":[0.833],"y":[0.833]},"o":{"x":[0.167],"y":[0.167]},"t":18,"s":[0.635294139385,0.717647075653,0.819607913494,1],"e":[0.941412712546,0.72199383904,0.721592263614,1]},{"t":23}],"ix":4},"o":{"a":0,"k":100,"ix":5},"r":1,"bm":0,"nm":"Fill 1","mn":"ADBE Vector Graphic - Fill","hd":false},{"ty":"tr","p":{"a":0,"k":[0,0],"ix":2},"a":{"a":0,"k":[0,0],"ix":1},"s":{"a":0,"k":[100,100],"ix":3},"r":{"a":0,"k":0,"ix":6},"o":{"a":1,"k":[{"t":2,"s":[0],"h":1},{"t":7,"s":[100],"h":1}],"ix":7},"sk":{"a":0,"k":0,"ix":4},"sa":{"a":0,"k":0,"ix":5},"nm":"Transform"}],"nm":". 21","np":3,"cix":2,"bm":0,"ix":34,"mn":"ADBE Vector Group","hd":false},{"ty":"gr","it":[{"ind":0,"ty":"sh","ix":1,"ks":{"a":0,"k":{"i":[[1.457,18.175],[18.175,-1.457],[-1.439,-17.95],[-17.95,1.439]],"o":[[-1.439,-17.95],[-17.95,1.439],[1.457,18.175],[18.175,-1.457]],"v":[[567.479,155.441],[532.597,125.945],[502.859,160.621],[537.759,190.342]],"c":true},"ix":2},"nm":".","mn":"ADBE Vector Shape - Group","hd":false},{"ty":"fl","c":{"a":1,"k":[{"i":{"x":[0.833],"y":[0.833]},"o":{"x":[0.167],"y":[0.167]},"t":18,"s":[0.627451002598,0.709803938866,0.8156863451,1],"e":[0.937632901061,0.715190154431,0.717292755725,1]},{"t":23}],"ix":4},"o":{"a":0,"k":100,"ix":5},"r":1,"bm":0,"nm":"Fill 1","mn":"ADBE Vector Graphic - Fill","hd":false},{"ty":"tr","p":{"a":0,"k":[0,0],"ix":2},"a":{"a":0,"k":[0,0],"ix":1},"s":{"a":0,"k":[100,100],"ix":3},"r":{"a":0,"k":0,"ix":6},"o":{"a":1,"k":[{"t":2,"s":[0],"h":1},{"t":7,"s":[100],"h":1}],"ix":7},"sk":{"a":0,"k":0,"ix":4},"sa":{"a":0,"k":0,"ix":5},"nm":"Transform"}],"nm":". 22","np":3,"cix":2,"bm":0,"ix":35,"mn":"ADBE Vector Group","hd":false},{"ty":"gr","it":[{"ind":0,"ty":"sh","ix":1,"ks":{"a":0,"k":{"i":[[4.022,17.784],[17.784,-4.022],[-3.973,-17.564],[-17.564,3.973]],"o":[[-3.973,-17.564],[-17.564,3.973],[4.022,17.784],[17.784,-4.022]],"v":[[564.516,135.906],[525.799,111.661],[501.285,150.208],[540.052,174.673]],"c":true},"ix":2},"nm":".","mn":"ADBE Vector Shape - Group","hd":false},{"ty":"fl","c":{"a":1,"k":[{"i":{"x":[0.833],"y":[0.833]},"o":{"x":[0.167],"y":[0.167]},"t":18,"s":[0.61960786581,0.698039233685,0.807843208313,1],"e":[0.933853089576,0.708386469822,0.712993128159,1]},{"t":23}],"ix":4},"o":{"a":0,"k":100,"ix":5},"r":1,"bm":0,"nm":"Fill 1","mn":"ADBE Vector Graphic - Fill","hd":false},{"ty":"tr","p":{"a":0,"k":[0,0],"ix":2},"a":{"a":0,"k":[0,0],"ix":1},"s":{"a":0,"k":[100,100],"ix":3},"r":{"a":0,"k":0,"ix":6},"o":{"a":1,"k":[{"t":2,"s":[0],"h":1},{"t":7,"s":[100],"h":1}],"ix":7},"sk":{"a":0,"k":0,"ix":4},"sa":{"a":0,"k":0,"ix":5},"nm":"Transform"}],"nm":". 23","np":3,"cix":2,"bm":0,"ix":36,"mn":"ADBE Vector Group","hd":false},{"ty":"gr","it":[{"ind":0,"ty":"sh","ix":1,"ks":{"a":0,"k":{"i":[[6.788,16.922],[16.922,-6.788],[-6.704,-16.713],[-16.713,6.704]],"o":[[-6.704,-16.713],[-16.714,6.704],[6.788,16.922],[16.922,-6.788]],"v":[[558.635,117.004],[516.567,99.196],[498.466,141.138],[540.617,159.156]],"c":true},"ix":2},"nm":".","mn":"ADBE Vector Shape - Group","hd":false},{"ty":"fl","c":{"a":1,"k":[{"i":{"x":[0.833],"y":[0.833]},"o":{"x":[0.167],"y":[0.167]},"t":18,"s":[0.607843160629,0.690196096897,0.803921639919,1],"e":[0.930073278091,0.701582785214,0.70869362027,1]},{"t":23}],"ix":4},"o":{"a":0,"k":100,"ix":5},"r":1,"bm":0,"nm":"Fill 1","mn":"ADBE Vector Graphic - Fill","hd":false},{"ty":"tr","p":{"a":0,"k":[0,0],"ix":2},"a":{"a":0,"k":[0,0],"ix":1},"s":{"a":0,"k":[100,100],"ix":3},"r":{"a":0,"k":0,"ix":6},"o":{"a":1,"k":[{"t":2,"s":[0],"h":1},{"t":7,"s":[100],"h":1}],"ix":7},"sk":{"a":0,"k":0,"ix":4},"sa":{"a":0,"k":0,"ix":5},"nm":"Transform"}],"nm":". 24","np":3,"cix":2,"bm":0,"ix":37,"mn":"ADBE Vector Group","hd":false},{"ty":"gr","it":[{"ind":0,"ty":"sh","ix":1,"ks":{"a":0,"k":{"i":[[9.563,15.524],[15.524,-9.563],[-9.445,-15.332],[-15.332,9.445]],"o":[[-9.445,-15.332],[-15.332,9.445],[9.563,15.524],[15.524,-9.563]],"v":[[549.71,99.306],[505.23,88.9],[494.514,133.307],[539.112,143.905]],"c":true},"ix":2},"nm":".","mn":"ADBE Vector Shape - Group","hd":false},{"ty":"fl","c":{"a":1,"k":[{"i":{"x":[0.833],"y":[0.833]},"o":{"x":[0.167],"y":[0.167]},"t":18,"s":[0.600000023842,0.68235296011,0.796078503132,1],"e":[0.926293406767,0.694779160443,0.704394052543,1]},{"t":23}],"ix":4},"o":{"a":0,"k":100,"ix":5},"r":1,"bm":0,"nm":"Fill 1","mn":"ADBE Vector Graphic - Fill","hd":false},{"ty":"tr","p":{"a":0,"k":[0,0],"ix":2},"a":{"a":0,"k":[0,0],"ix":1},"s":{"a":0,"k":[100,100],"ix":3},"r":{"a":0,"k":0,"ix":6},"o":{"a":1,"k":[{"t":2,"s":[0],"h":1},{"t":7,"s":[100],"h":1}],"ix":7},"sk":{"a":0,"k":0,"ix":4},"sa":{"a":0,"k":0,"ix":5},"nm":"Transform"}],"nm":". 25","np":3,"cix":2,"bm":0,"ix":38,"mn":"ADBE Vector Group","hd":false},{"ty":"gr","it":[{"ind":0,"ty":"sh","ix":1,"ks":{"a":0,"k":{"i":[[12.13,13.613],[13.613,-12.13],[-11.98,-13.445],[-13.445,11.98]],"o":[[-11.98,-13.445],[-13.445,11.98],[12.13,13.613],[13.613,-12.13]],"v":[[537.853,83.408],[492.239,80.94],[489.452,126.536],[535.217,129.173]],"c":true},"ix":2},"nm":".","mn":"ADBE Vector Shape - Group","hd":false},{"ty":"fl","c":{"a":1,"k":[{"i":{"x":[0.833],"y":[0.833]},"o":{"x":[0.167],"y":[0.167]},"t":18,"s":[0.592156887054,0.674509823322,0.788235366344,1],"e":[0.922513595282,0.687975475835,0.700094544654,1]},{"t":23}],"ix":4},"o":{"a":0,"k":100,"ix":5},"r":1,"bm":0,"nm":"Fill 1","mn":"ADBE Vector Graphic - Fill","hd":false},{"ty":"tr","p":{"a":0,"k":[0,0],"ix":2},"a":{"a":0,"k":[0,0],"ix":1},"s":{"a":0,"k":[100,100],"ix":3},"r":{"a":0,"k":0,"ix":6},"o":{"a":1,"k":[{"t":2,"s":[0],"h":1},{"t":8,"s":[100],"h":1}],"ix":7},"sk":{"a":0,"k":0,"ix":4},"sa":{"a":0,"k":0,"ix":5},"nm":"Transform"}],"nm":". 26","np":3,"cix":2,"bm":0,"ix":39,"mn":"ADBE Vector Group","hd":false},{"ty":"gr","it":[{"ind":0,"ty":"sh","ix":1,"ks":{"a":0,"k":{"i":[[14.323,11.282],[11.282,-14.323],[-14.147,-11.142],[-11.142,14.147]],"o":[[-14.147,-11.142],[-11.142,14.147],[14.323,11.282],[11.282,-14.323]],"v":[[523.396,69.832],[478.052,75.379],[483.283,120.76],[528.803,115.353]],"c":true},"ix":2},"nm":".","mn":"ADBE Vector Shape - Group","hd":false},{"ty":"fl","c":{"a":1,"k":[{"i":{"x":[0.833],"y":[0.833]},"o":{"x":[0.167],"y":[0.167]},"t":18,"s":[0.584313750267,0.662745118141,0.784313797951,1],"e":[0.918733783797,0.681171791226,0.695794917088,1]},{"t":23}],"ix":4},"o":{"a":0,"k":100,"ix":5},"r":1,"bm":0,"nm":"Fill 1","mn":"ADBE Vector Graphic - Fill","hd":false},{"ty":"tr","p":{"a":0,"k":[0,0],"ix":2},"a":{"a":0,"k":[0,0],"ix":1},"s":{"a":0,"k":[100,100],"ix":3},"r":{"a":0,"k":0,"ix":6},"o":{"a":1,"k":[{"t":2,"s":[0],"h":1},{"t":8,"s":[100],"h":1}],"ix":7},"sk":{"a":0,"k":0,"ix":4},"sa":{"a":0,"k":0,"ix":5},"nm":"Transform"}],"nm":". 27","np":3,"cix":2,"bm":0,"ix":40,"mn":"ADBE Vector Group","hd":false},{"ty":"gr","it":[{"ind":0,"ty":"sh","ix":1,"ks":{"a":0,"k":{"i":[[16.071,8.612],[8.612,-16.071],[-15.872,-8.506],[-8.506,15.872]],"o":[[-15.872,-8.506],[-8.506,15.872],[16.071,8.612],[8.612,-16.071]],"v":[[506.793,58.987],[463.11,72.352],[476.171,116.127],[520.052,102.868]],"c":true},"ix":2},"nm":".","mn":"ADBE Vector Shape - Group","hd":false},{"ty":"fl","c":{"a":1,"k":[{"i":{"x":[0.833],"y":[0.833]},"o":{"x":[0.167],"y":[0.167]},"t":18,"s":[0.572549045086,0.654901981354,0.776470661163,1],"e":[0.914953972312,0.674368106618,0.691495409199,1]},{"t":23}],"ix":4},"o":{"a":0,"k":100,"ix":5},"r":1,"bm":0,"nm":"Fill 1","mn":"ADBE Vector Graphic - Fill","hd":false},{"ty":"tr","p":{"a":0,"k":[0,0],"ix":2},"a":{"a":0,"k":[0,0],"ix":1},"s":{"a":0,"k":[100,100],"ix":3},"r":{"a":0,"k":0,"ix":6},"o":{"a":1,"k":[{"t":2,"s":[0],"h":1},{"t":8,"s":[100],"h":1}],"ix":7},"sk":{"a":0,"k":0,"ix":4},"sa":{"a":0,"k":0,"ix":5},"nm":"Transform"}],"nm":". 28","np":3,"cix":2,"bm":0,"ix":41,"mn":"ADBE Vector Group","hd":false},{"ty":"gr","it":[{"ind":0,"ty":"sh","ix":1,"ks":{"a":0,"k":{"i":[[17.356,5.586],[5.586,-17.356],[-17.142,-5.517],[-5.517,17.142]],"o":[[-17.142,-5.517],[-5.517,17.142],[17.356,5.586],[5.586,-17.356]],"v":[[488.528,51.231],[447.956,72.225],[468.667,112.942],[509.453,92.017]],"c":true},"ix":2},"nm":".","mn":"ADBE Vector Shape - Group","hd":false},{"ty":"fl","c":{"a":1,"k":[{"i":{"x":[0.833],"y":[0.833]},"o":{"x":[0.167],"y":[0.167]},"t":18,"s":[0.564705908298,0.647058844566,0.77254909277,1],"e":[0.911174100988,0.667564362171,0.687195841471,1]},{"t":23}],"ix":4},"o":{"a":0,"k":100,"ix":5},"r":1,"bm":0,"nm":"Fill 1","mn":"ADBE Vector Graphic - Fill","hd":false},{"ty":"tr","p":{"a":0,"k":[0,0],"ix":2},"a":{"a":0,"k":[0,0],"ix":1},"s":{"a":0,"k":[100,100],"ix":3},"r":{"a":0,"k":0,"ix":6},"o":{"a":1,"k":[{"t":2,"s":[0],"h":1},{"t":8,"s":[100],"h":1}],"ix":7},"sk":{"a":0,"k":0,"ix":4},"sa":{"a":0,"k":0,"ix":5},"nm":"Transform"}],"nm":". 29","np":3,"cix":2,"bm":0,"ix":42,"mn":"ADBE Vector Group","hd":false},{"ty":"gr","it":[{"ind":0,"ty":"sh","ix":1,"ks":{"a":0,"k":{"i":[[18.124,1.989],[1.989,-18.124],[-17.9,-1.965],[-1.965,17.9]],"o":[[-17.9,-1.965],[-1.965,17.9],[18.124,1.989],[1.989,-18.124]],"v":[[469.084,47.046],[433.55,75.755],[462.01,111.487],[497.768,82.804]],"c":true},"ix":2},"nm":".","mn":"ADBE Vector Shape - Group","hd":false},{"ty":"fl","c":{"a":1,"k":[{"i":{"x":[0.833],"y":[0.833]},"o":{"x":[0.167],"y":[0.167]},"t":18,"s":[0.556862771511,0.635294139385,0.764705955982,1],"e":[0.907394289503,0.660760677562,0.682896333582,1]},{"t":23}],"ix":4},"o":{"a":0,"k":100,"ix":5},"r":1,"bm":0,"nm":"Fill 1","mn":"ADBE Vector Graphic - Fill","hd":false},{"ty":"tr","p":{"a":0,"k":[0,0],"ix":2},"a":{"a":0,"k":[0,0],"ix":1},"s":{"a":0,"k":[100,100],"ix":3},"r":{"a":0,"k":0,"ix":6},"o":{"a":1,"k":[{"t":2,"s":[0],"h":1},{"t":9,"s":[100],"h":1}],"ix":7},"sk":{"a":0,"k":0,"ix":4},"sa":{"a":0,"k":0,"ix":5},"nm":"Transform"}],"nm":". 30","np":3,"cix":2,"bm":0,"ix":43,"mn":"ADBE Vector Group","hd":false},{"ty":"gr","it":[{"ind":0,"ty":"sh","ix":1,"ks":{"a":0,"k":{"i":[[18.172,-1.487],[-1.487,-18.172],[-17.948,1.469],[1.469,17.948]],"o":[[-17.948,1.469],[1.469,17.948],[18.172,-1.487],[-1.487,-18.172]],"v":[[449.219,46.99],[419.781,81.922],[454.507,111.602],[484.169,76.652]],"c":true},"ix":2},"nm":".","mn":"ADBE Vector Shape - Group","hd":false},{"ty":"fl","c":{"a":1,"k":[{"i":{"x":[0.833],"y":[0.833]},"o":{"x":[0.167],"y":[0.167]},"t":18,"s":[0.54509806633,0.627451002598,0.760784387589,1],"e":[0.903614478018,0.653956992953,0.678596706016,1]},{"t":23}],"ix":4},"o":{"a":0,"k":100,"ix":5},"r":1,"bm":0,"nm":"Fill 1","mn":"ADBE Vector Graphic - Fill","hd":false},{"ty":"tr","p":{"a":0,"k":[0,0],"ix":2},"a":{"a":0,"k":[0,0],"ix":1},"s":{"a":0,"k":[100,100],"ix":3},"r":{"a":0,"k":0,"ix":6},"o":{"a":1,"k":[{"t":2,"s":[0],"h":1},{"t":9,"s":[100],"h":1}],"ix":7},"sk":{"a":0,"k":0,"ix":4},"sa":{"a":0,"k":0,"ix":5},"nm":"Transform"}],"nm":". 31","np":3,"cix":2,"bm":0,"ix":44,"mn":"ADBE Vector Group","hd":false},{"ty":"gr","it":[{"ind":0,"ty":"sh","ix":1,"ks":{"a":0,"k":{"i":[[17.771,-4.077],[-4.077,-17.771],[-17.552,4.027],[4.027,17.552]],"o":[[-17.552,4.027],[4.027,17.552],[17.771,-4.077],[-4.077,-17.771]],"v":[[429.695,50.047],[405.569,88.838],[444.191,113.234],[468.536,74.393]],"c":true},"ix":2},"nm":".","mn":"ADBE Vector Shape - Group","hd":false},{"ty":"fl","c":{"a":1,"k":[{"i":{"x":[0.833],"y":[0.833]},"o":{"x":[0.167],"y":[0.167]},"t":18,"s":[0.537254929543,0.61960786581,0.752941250801,1],"e":[0.899834606694,0.647153368183,0.674297198127,1]},{"t":23}],"ix":4},"o":{"a":0,"k":100,"ix":5},"r":1,"bm":0,"nm":"Fill 1","mn":"ADBE Vector Graphic - Fill","hd":false},{"ty":"tr","p":{"a":0,"k":[0,0],"ix":2},"a":{"a":0,"k":[0,0],"ix":1},"s":{"a":0,"k":[100,100],"ix":3},"r":{"a":0,"k":0,"ix":6},"o":{"a":1,"k":[{"t":2,"s":[0],"h":1},{"t":9,"s":[100],"h":1}],"ix":7},"sk":{"a":0,"k":0,"ix":4},"sa":{"a":0,"k":0,"ix":5},"nm":"Transform"}],"nm":". 32","np":3,"cix":2,"bm":0,"ix":45,"mn":"ADBE Vector Group","hd":false},{"ty":"gr","it":[{"ind":0,"ty":"sh","ix":1,"ks":{"a":0,"k":{"i":[[17.082,-6.375],[-6.375,-17.082],[-16.871,6.296],[6.296,16.871]],"o":[[-16.871,6.296],[6.296,16.871],[17.082,-6.375],[-6.375,-17.082]],"v":[[410.802,55.75],[391.977,97.372],[433.468,116.486],[452.503,74.785]],"c":true},"ix":2},"nm":".","mn":"ADBE Vector Shape - Group","hd":false},{"ty":"fl","c":{"a":1,"k":[{"i":{"x":[0.833],"y":[0.833]},"o":{"x":[0.167],"y":[0.167]},"t":18,"s":[0.537254929543,0.61960786581,0.752941250801,1],"e":[0.896054795209,0.640349623736,0.6699976304,1]},{"t":23}],"ix":4},"o":{"a":0,"k":100,"ix":5},"r":1,"bm":0,"nm":"Fill 1","mn":"ADBE Vector Graphic - Fill","hd":false},{"ty":"tr","p":{"a":0,"k":[0,0],"ix":2},"a":{"a":0,"k":[0,0],"ix":1},"s":{"a":0,"k":[100,100],"ix":3},"r":{"a":0,"k":0,"ix":6},"o":{"a":1,"k":[{"t":2,"s":[0],"h":1},{"t":9,"s":[100],"h":1}],"ix":7},"sk":{"a":0,"k":0,"ix":4},"sa":{"a":0,"k":0,"ix":5},"nm":"Transform"}],"nm":". 33","np":3,"cix":2,"bm":0,"ix":46,"mn":"ADBE Vector Group","hd":false},{"ty":"gr","it":[{"ind":0,"ty":"sh","ix":1,"ks":{"a":0,"k":{"i":[[16.198,-8.37],[-8.37,-16.198],[-15.998,8.267],[8.267,15.998]],"o":[[-15.998,8.267],[8.267,15.998],[16.198,-8.37],[-8.37,-16.198]],"v":[[392.796,63.761],[379.08,107.335],[422.557,121.355],[436.473,77.678]],"c":true},"ix":2},"nm":".","mn":"ADBE Vector Shape - Group","hd":false},{"ty":"fl","c":{"a":1,"k":[{"i":{"x":[0.833],"y":[0.833]},"o":{"x":[0.167],"y":[0.167]},"t":18,"s":[0.529411792755,0.611764729023,0.745098054409,1],"e":[0.892274983724,0.633545998966,0.665698122511,1]},{"t":23}],"ix":4},"o":{"a":0,"k":100,"ix":5},"r":1,"bm":0,"nm":"Fill 1","mn":"ADBE Vector Graphic - Fill","hd":false},{"ty":"tr","p":{"a":0,"k":[0,0],"ix":2},"a":{"a":0,"k":[0,0],"ix":1},"s":{"a":0,"k":[100,100],"ix":3},"r":{"a":0,"k":0,"ix":6},"o":{"a":1,"k":[{"t":2,"s":[0],"h":1},{"t":10,"s":[100],"h":1}],"ix":7},"sk":{"a":0,"k":0,"ix":4},"sa":{"a":0,"k":0,"ix":5},"nm":"Transform"}],"nm":". 34","np":3,"cix":2,"bm":0,"ix":47,"mn":"ADBE Vector Group","hd":false},{"ty":"gr","it":[{"ind":0,"ty":"sh","ix":1,"ks":{"a":0,"k":{"i":[[15.179,-10.102],[-10.102,-15.179],[-14.991,9.977],[9.977,14.991]],"o":[[-14.991,9.977],[9.977,14.991],[15.179,-10.102],[-10.102,-15.179]],"v":[[375.845,73.77],[367.007,118.589],[411.763,127.738],[420.788,82.795]],"c":true},"ix":2},"nm":".","mn":"ADBE Vector Shape - Group","hd":false},{"ty":"fl","c":{"a":1,"k":[{"i":{"x":[0.833],"y":[0.833]},"o":{"x":[0.167],"y":[0.167]},"t":18,"s":[0.517647087574,0.600000023842,0.741176486015,1],"e":[0.888495172239,0.626742314357,0.661398554783,1]},{"t":23}],"ix":4},"o":{"a":0,"k":100,"ix":5},"r":1,"bm":0,"nm":"Fill 1","mn":"ADBE Vector Graphic - Fill","hd":false},{"ty":"tr","p":{"a":0,"k":[0,0],"ix":2},"a":{"a":0,"k":[0,0],"ix":1},"s":{"a":0,"k":[100,100],"ix":3},"r":{"a":0,"k":0,"ix":6},"o":{"a":1,"k":[{"t":2,"s":[0],"h":1},{"t":10,"s":[100],"h":1}],"ix":7},"sk":{"a":0,"k":0,"ix":4},"sa":{"a":0,"k":0,"ix":5},"nm":"Transform"}],"nm":". 35","np":3,"cix":2,"bm":0,"ix":48,"mn":"ADBE Vector Group","hd":false},{"ty":"gr","it":[{"ind":0,"ty":"sh","ix":1,"ks":{"a":0,"k":{"i":[[14.043,-11.63],[-11.63,-14.043],[-13.869,11.486],[11.486,13.869]],"o":[[-13.869,11.486],[11.486,13.869],[14.043,-11.63],[-11.63,-14.043]],"v":[[360.069,85.524],[355.953,131.02],[401.419,135.453],[405.709,89.814]],"c":true},"ix":2},"nm":".","mn":"ADBE Vector Shape - Group","hd":false},{"ty":"fl","c":{"a":1,"k":[{"i":{"x":[0.833],"y":[0.833]},"o":{"x":[0.167],"y":[0.167]},"t":18,"s":[0.509803950787,0.592156887054,0.733333349228,1],"e":[0.884715300915,0.619938629749,0.657098987056,1]},{"t":23}],"ix":4},"o":{"a":0,"k":100,"ix":5},"r":1,"bm":0,"nm":"Fill 1","mn":"ADBE Vector Graphic - Fill","hd":false},{"ty":"tr","p":{"a":0,"k":[0,0],"ix":2},"a":{"a":0,"k":[0,0],"ix":1},"s":{"a":0,"k":[100,100],"ix":3},"r":{"a":0,"k":0,"ix":6},"o":{"a":1,"k":[{"t":2,"s":[0],"h":1},{"t":10,"s":[100],"h":1}],"ix":7},"sk":{"a":0,"k":0,"ix":4},"sa":{"a":0,"k":0,"ix":5},"nm":"Transform"}],"nm":". 36","np":3,"cix":2,"bm":0,"ix":49,"mn":"ADBE Vector Group","hd":false},{"ty":"gr","it":[{"ind":0,"ty":"sh","ix":1,"ks":{"a":0,"k":{"i":[[12.766,-13.018],[-13.018,-12.766],[-12.608,12.857],[12.857,12.608]],"o":[[-12.608,12.857],[12.857,12.608],[12.766,-13.018],[-13.018,-12.766]],"v":[[345.595,98.844],[346.201,144.521],[391.881,144.233],[391.433,98.395]],"c":true},"ix":2},"nm":".","mn":"ADBE Vector Shape - Group","hd":false},{"ty":"fl","c":{"a":1,"k":[{"i":{"x":[0.833],"y":[0.833]},"o":{"x":[0.167],"y":[0.167]},"t":18,"s":[0.501960813999,0.584313750267,0.729411780834,1],"e":[0.880935549269,0.61313494514,0.652799419328,1]},{"t":23}],"ix":4},"o":{"a":0,"k":100,"ix":5},"r":1,"bm":0,"nm":"Fill 1","mn":"ADBE Vector Graphic - Fill","hd":false},{"ty":"tr","p":{"a":0,"k":[0,0],"ix":2},"a":{"a":0,"k":[0,0],"ix":1},"s":{"a":0,"k":[100,100],"ix":3},"r":{"a":0,"k":0,"ix":6},"o":{"a":1,"k":[{"t":2,"s":[0],"h":1},{"t":11,"s":[100],"h":1}],"ix":7},"sk":{"a":0,"k":0,"ix":4},"sa":{"a":0,"k":0,"ix":5},"nm":"Transform"}],"nm":". 37","np":3,"cix":2,"bm":0,"ix":50,"mn":"ADBE Vector Group","hd":false},{"ty":"gr","it":[{"ind":0,"ty":"sh","ix":1,"ks":{"a":0,"k":{"i":[[11.269,-14.334],[-14.334,-11.269],[-11.129,14.157],[14.157,11.129]],"o":[[-11.129,14.157],[14.157,11.129],[11.269,-14.334],[-14.334,-11.269]],"v":[[332.599,113.627],[338.187,158.965],[383.563,153.693],[378.114,108.178]],"c":true},"ix":2},"nm":".","mn":"ADBE Vector Shape - Group","hd":false},{"ty":"fl","c":{"a":1,"k":[{"i":{"x":[0.833],"y":[0.833]},"o":{"x":[0.167],"y":[0.167]},"t":18,"s":[0.494117677212,0.572549045086,0.721568644047,1],"e":[0.877155677945,0.606331200693,0.648499911439,1]},{"t":23}],"ix":4},"o":{"a":0,"k":100,"ix":5},"r":1,"bm":0,"nm":"Fill 1","mn":"ADBE Vector Graphic - Fill","hd":false},{"ty":"tr","p":{"a":0,"k":[0,0],"ix":2},"a":{"a":0,"k":[0,0],"ix":1},"s":{"a":0,"k":[100,100],"ix":3},"r":{"a":0,"k":0,"ix":6},"o":{"a":1,"k":[{"t":2,"s":[0],"h":1},{"t":11,"s":[100],"h":1}],"ix":7},"sk":{"a":0,"k":0,"ix":4},"sa":{"a":0,"k":0,"ix":5},"nm":"Transform"}],"nm":". 38","np":3,"cix":2,"bm":0,"ix":51,"mn":"ADBE Vector Group","hd":false},{"ty":"gr","it":[{"ind":0,"ty":"sh","ix":1,"ks":{"a":0,"k":{"i":[[9.368,-15.642],[-15.642,-9.368],[-9.253,15.449],[15.449,9.253]],"o":[[-9.253,15.449],[15.449,9.253],[9.368,-15.642],[-15.642,-9.368]],"v":[[321.392,129.857],[332.661,174.127],[377.008,163.167],[365.855,118.704]],"c":true},"ix":2},"nm":".","mn":"ADBE Vector Shape - Group","hd":false},{"ty":"fl","c":{"a":1,"k":[{"i":{"x":[0.833],"y":[0.833]},"o":{"x":[0.167],"y":[0.167]},"t":18,"s":[0.482352972031,0.564705908298,0.713725507259,1],"e":[0.87337586646,0.599527516085,0.644200343712,1]},{"t":23}],"ix":4},"o":{"a":0,"k":100,"ix":5},"r":1,"bm":0,"nm":"Fill 1","mn":"ADBE Vector Graphic - Fill","hd":false},{"ty":"tr","p":{"a":0,"k":[0,0],"ix":2},"a":{"a":0,"k":[0,0],"ix":1},"s":{"a":0,"k":[100,100],"ix":3},"r":{"a":0,"k":0,"ix":6},"o":{"a":1,"k":[{"t":2,"s":[0],"h":1},{"t":11,"s":[100],"h":1}],"ix":7},"sk":{"a":0,"k":0,"ix":4},"sa":{"a":0,"k":0,"ix":5},"nm":"Transform"}],"nm":". 39","np":3,"cix":2,"bm":0,"ix":52,"mn":"ADBE Vector Group","hd":false},{"ty":"gr","it":[{"ind":0,"ty":"sh","ix":1,"ks":{"a":0,"k":{"i":[[6.634,-16.983],[-16.983,-6.634],[-6.552,16.773],[16.773,6.552]],"o":[[-6.552,16.773],[16.773,6.552],[6.634,-16.983],[-16.983,-6.634]],"v":[[312.597,147.612],[331.077,189.388],[372.981,171.2],[354.583,129.214]],"c":true},"ix":2},"nm":".","mn":"ADBE Vector Shape - Group","hd":false},{"ty":"fl","c":{"a":1,"k":[{"i":{"x":[0.833],"y":[0.833]},"o":{"x":[0.167],"y":[0.167]},"t":18,"s":[0.474509835243,0.556862771511,0.709803938866,1],"e":[0.869595995136,0.592723831476,0.639900775984,1]},{"t":23}],"ix":4},"o":{"a":0,"k":100,"ix":5},"r":1,"bm":0,"nm":"Fill 1","mn":"ADBE Vector Graphic - Fill","hd":false},{"ty":"tr","p":{"a":0,"k":[0,0],"ix":2},"a":{"a":0,"k":[0,0],"ix":1},"s":{"a":0,"k":[100,100],"ix":3},"r":{"a":0,"k":0,"ix":6},"o":{"a":1,"k":[{"t":2,"s":[0],"h":1},{"t":12,"s":[100],"h":1}],"ix":7},"sk":{"a":0,"k":0,"ix":4},"sa":{"a":0,"k":0,"ix":5},"nm":"Transform"}],"nm":". 40","np":3,"cix":2,"bm":0,"ix":53,"mn":"ADBE Vector Group","hd":false},{"ty":"gr","it":[{"ind":0,"ty":"sh","ix":1,"ks":{"a":0,"k":{"i":[[1.906,-18.133],[-18.133,-1.906],[-1.882,17.909],[17.909,1.882]],"o":[[-1.882,17.909],[17.909,1.882],[1.906,-18.133],[-18.133,-1.906]],"v":[[307.651,167.018],[336.523,202.419],[372.124,173.795],[343.276,138.17]],"c":true},"ix":2},"nm":".","mn":"ADBE Vector Shape - Group","hd":false},{"ty":"fl","c":{"a":1,"k":[{"i":{"x":[0.833],"y":[0.833]},"o":{"x":[0.167],"y":[0.167]},"t":18,"s":[0.466666698456,0.549019634724,0.701960802078,1],"e":[0.86581624349,0.585920206706,0.635601208257,1]},{"t":23}],"ix":4},"o":{"a":0,"k":100,"ix":5},"r":1,"bm":0,"nm":"Fill 1","mn":"ADBE Vector Graphic - Fill","hd":false},{"ty":"tr","p":{"a":0,"k":[0,0],"ix":2},"a":{"a":0,"k":[0,0],"ix":1},"s":{"a":0,"k":[100,100],"ix":3},"r":{"a":0,"k":0,"ix":6},"o":{"a":1,"k":[{"t":2,"s":[0],"h":1},{"t":12,"s":[100],"h":1}],"ix":7},"sk":{"a":0,"k":0,"ix":4},"sa":{"a":0,"k":0,"ix":5},"nm":"Transform"}],"nm":". 41","np":3,"cix":2,"bm":0,"ix":54,"mn":"ADBE Vector Group","hd":false},{"ty":"gr","it":[{"ind":0,"ty":"sh","ix":1,"ks":{"a":0,"k":{"i":[[-2.529,-18.057],[-18.057,2.529],[2.498,17.834],[17.834,-2.498]],"o":[[2.498,17.834],[17.834,-2.498],[-2.529,-18.057],[-18.057,2.529]],"v":[[308.367,186.989],[344.933,214.371],[372.569,177.997],[335.972,150.392]],"c":true},"ix":2},"nm":".","mn":"ADBE Vector Shape - Group","hd":false},{"ty":"fl","c":{"a":1,"k":[{"i":{"x":[0.833],"y":[0.833]},"o":{"x":[0.167],"y":[0.167]},"t":18,"s":[0.454901993275,0.537254929543,0.698039233685,1],"e":[0.862036432004,0.579116462259,0.631301700368,1]},{"t":23}],"ix":4},"o":{"a":0,"k":100,"ix":5},"r":1,"bm":0,"nm":"Fill 1","mn":"ADBE Vector Graphic - Fill","hd":false},{"ty":"tr","p":{"a":0,"k":[0,0],"ix":2},"a":{"a":0,"k":[0,0],"ix":1},"s":{"a":0,"k":[100,100],"ix":3},"r":{"a":0,"k":0,"ix":6},"o":{"a":1,"k":[{"t":2,"s":[0],"h":1},{"t":12,"s":[100],"h":1}],"ix":7},"sk":{"a":0,"k":0,"ix":4},"sa":{"a":0,"k":0,"ix":5},"nm":"Transform"}],"nm":". 42","np":3,"cix":2,"bm":0,"ix":55,"mn":"ADBE Vector Group","hd":false},{"ty":"gr","it":[{"ind":0,"ty":"sh","ix":1,"ks":{"a":0,"k":{"i":[[-6.797,-16.919],[-16.919,6.797],[6.713,16.71],[16.71,-6.713]],"o":[[6.713,16.71],[16.71,-6.713],[-6.797,-16.919],[-16.919,6.797]],"v":[[313.436,206.31],[355.513,224.096],[373.592,182.144],[331.431,164.149]],"c":true},"ix":2},"nm":".","mn":"ADBE Vector Shape - Group","hd":false},{"ty":"fl","c":{"a":1,"k":[{"i":{"x":[0.833],"y":[0.833]},"o":{"x":[0.167],"y":[0.167]},"t":18,"s":[0.454901993275,0.537254929543,0.698039233685,1],"e":[0.858256560681,0.572312837489,0.62700213264,1]},{"t":23}],"ix":4},"o":{"a":0,"k":100,"ix":5},"r":1,"bm":0,"nm":"Fill 1","mn":"ADBE Vector Graphic - Fill","hd":false},{"ty":"tr","p":{"a":0,"k":[0,0],"ix":2},"a":{"a":0,"k":[0,0],"ix":1},"s":{"a":0,"k":[100,100],"ix":3},"r":{"a":0,"k":0,"ix":6},"o":{"a":1,"k":[{"t":2,"s":[0],"h":1},{"t":13,"s":[100],"h":1}],"ix":7},"sk":{"a":0,"k":0,"ix":4},"sa":{"a":0,"k":0,"ix":5},"nm":"Transform"}],"nm":". 43","np":3,"cix":2,"bm":0,"ix":56,"mn":"ADBE Vector Group","hd":false},{"ty":"gr","it":[{"ind":0,"ty":"sh","ix":1,"ks":{"a":0,"k":{"i":[[-11.601,-14.066],[-14.066,11.601],[11.458,13.893],[13.893,-11.458]],"o":[[11.458,13.893],[13.893,-11.458],[-11.601,-14.066],[-14.066,11.601]],"v":[[323.648,223.628],[369.135,227.837],[373.662,182.381],[328.031,177.998]],"c":true},"ix":2},"nm":".","mn":"ADBE Vector Shape - Group","hd":false},{"ty":"fl","c":{"a":1,"k":[{"i":{"x":[0.833],"y":[0.833]},"o":{"x":[0.167],"y":[0.167]},"t":18,"s":[0.447058856487,0.529411792755,0.690196096897,1],"e":[0.854476749196,0.565509093042,0.622702624751,1]},{"t":23}],"ix":4},"o":{"a":0,"k":100,"ix":5},"r":1,"bm":0,"nm":"Fill 1","mn":"ADBE Vector Graphic - Fill","hd":false},{"ty":"tr","p":{"a":0,"k":[0,0],"ix":2},"a":{"a":0,"k":[0,0],"ix":1},"s":{"a":0,"k":[100,100],"ix":3},"r":{"a":0,"k":0,"ix":6},"o":{"a":1,"k":[{"t":2,"s":[0],"h":1},{"t":13,"s":[100],"h":1}],"ix":7},"sk":{"a":0,"k":0,"ix":4},"sa":{"a":0,"k":0,"ix":5},"nm":"Transform"}],"nm":". 44","np":3,"cix":2,"bm":0,"ix":57,"mn":"ADBE Vector Group","hd":false},{"ty":"gr","it":[{"ind":0,"ty":"sh","ix":1,"ks":{"a":0,"k":{"i":[[-15.715,-9.245],[-9.245,15.715],[15.521,9.131],[9.131,-15.521]],"o":[[15.521,9.131],[9.131,-15.521],[-15.715,-9.245],[-9.245,15.715]],"v":[[339.004,236.728],[383.184,225.112],[371.877,180.853],[327.503,192.354]],"c":true},"ix":2},"nm":".","mn":"ADBE Vector Shape - Group","hd":false},{"ty":"fl","c":{"a":1,"k":[{"i":{"x":[0.833],"y":[0.833]},"o":{"x":[0.167],"y":[0.167]},"t":18,"s":[0.4392157197,0.521568655968,0.68235296011,1],"e":[0.850696937711,0.558705468271,0.618402997185,1]},{"t":23}],"ix":4},"o":{"a":0,"k":100,"ix":5},"r":1,"bm":0,"nm":"Fill 1","mn":"ADBE Vector Graphic - Fill","hd":false},{"ty":"tr","p":{"a":0,"k":[0,0],"ix":2},"a":{"a":0,"k":[0,0],"ix":1},"s":{"a":0,"k":[100,100],"ix":3},"r":{"a":0,"k":0,"ix":6},"o":{"a":1,"k":[{"t":2,"s":[0],"h":1},{"t":13,"s":[100],"h":1}],"ix":7},"sk":{"a":0,"k":0,"ix":4},"sa":{"a":0,"k":0,"ix":5},"nm":"Transform"}],"nm":". 45","np":3,"cix":2,"bm":0,"ix":58,"mn":"ADBE Vector Group","hd":false},{"ty":"gr","it":[{"ind":0,"ty":"sh","ix":1,"ks":{"a":0,"k":{"i":[[-17.945,-3.228],[-3.228,17.945],[17.723,3.188],[3.188,-17.723]],"o":[[17.723,3.188],[3.188,-17.723],[-17.945,-3.228],[-3.228,17.945]],"v":[[357.957,243.694],[395.377,217.491],[369.436,179.89],[331.794,206.053]],"c":true},"ix":2},"nm":".","mn":"ADBE Vector Shape - Group","hd":false},{"ty":"fl","c":{"a":1,"k":[{"i":{"x":[0.833],"y":[0.833]},"o":{"x":[0.167],"y":[0.167]},"t":18,"s":[0.427451014519,0.51372551918,0.678431391716,1],"e":[0.846917066387,0.551901783663,0.614103489296,1]},{"t":23}],"ix":4},"o":{"a":0,"k":100,"ix":5},"r":1,"bm":0,"nm":"Fill 1","mn":"ADBE Vector Graphic - Fill","hd":false},{"ty":"tr","p":{"a":0,"k":[0,0],"ix":2},"a":{"a":0,"k":[0,0],"ix":1},"s":{"a":0,"k":[100,100],"ix":3},"r":{"a":0,"k":0,"ix":6},"o":{"a":1,"k":[{"t":2,"s":[0],"h":1},{"t":13,"s":[100],"h":1}],"ix":7},"sk":{"a":0,"k":0,"ix":4},"sa":{"a":0,"k":0,"ix":5},"nm":"Transform"}],"nm":". 46","np":3,"cix":2,"bm":0,"ix":59,"mn":"ADBE Vector Group","hd":false},{"ty":"gr","it":[{"ind":0,"ty":"sh","ix":1,"ks":{"a":0,"k":{"i":[[-17.983,3.007],[3.007,17.983],[17.761,-2.97],[-2.97,-17.761]],"o":[[17.761,-2.97],[-2.97,-17.761],[-17.983,3.007],[3.007,17.983]],"v":[[378.132,243.767],[404.534,206.488],[367.44,179.827],[340.816,217.143]],"c":true},"ix":2},"nm":".","mn":"ADBE Vector Shape - Group","hd":false},{"ty":"fl","c":{"a":1,"k":[{"i":{"x":[0.833],"y":[0.833]},"o":{"x":[0.167],"y":[0.167]},"t":18,"s":[0.419607877731,0.501960813999,0.670588254929,1],"e":[0.843137254902,0.545098039216,0.609803921569,1]},{"t":23}],"ix":4},"o":{"a":0,"k":100,"ix":5},"r":1,"bm":0,"nm":"Fill 1","mn":"ADBE Vector Graphic - Fill","hd":false},{"ty":"tr","p":{"a":0,"k":[0,0],"ix":2},"a":{"a":0,"k":[0,0],"ix":1},"s":{"a":0,"k":[100,100],"ix":3},"r":{"a":0,"k":0,"ix":6},"o":{"a":1,"k":[{"t":2,"s":[0],"h":1},{"t":13,"s":[100],"h":1}],"ix":7},"sk":{"a":0,"k":0,"ix":4},"sa":{"a":0,"k":0,"ix":5},"nm":"Transform"}],"nm":". 47","np":3,"cix":2,"bm":0,"ix":60,"mn":"ADBE Vector Group","hd":false},{"ty":"gr","it":[{"ind":0,"ty":"sh","ix":1,"ks":{"a":0,"k":{"i":[[-15.941,8.85],[8.85,15.941],[15.744,-8.741],[-8.741,-15.744]],"o":[[15.744,-8.741],[-8.741,-15.744],[-15.941,8.85],[8.85,15.941]],"v":[[397.16,237.079],[409.569,193.115],[365.693,180.4],[353.087,224.473]],"c":true},"ix":2},"nm":".","mn":"ADBE Vector Shape - Group","hd":false},{"ty":"fl","c":{"a":1,"k":[{"i":{"x":[0.833],"y":[0.833]},"o":{"x":[0.167],"y":[0.167]},"t":18,"s":[0.411764740944,0.494117677212,0.666666686535,1],"e":[0.839357443417,0.538294354607,0.60550441368,1]},{"t":23}],"ix":4},"o":{"a":0,"k":100,"ix":5},"r":1,"bm":0,"nm":"Fill 1","mn":"ADBE Vector Graphic - Fill","hd":false},{"ty":"tr","p":{"a":0,"k":[0,0],"ix":2},"a":{"a":0,"k":[0,0],"ix":1},"s":{"a":0,"k":[100,100],"ix":3},"r":{"a":0,"k":0,"ix":6},"o":{"a":1,"k":[{"t":2,"s":[0],"h":1},{"t":14,"s":[100],"h":1}],"ix":7},"sk":{"a":0,"k":0,"ix":4},"sa":{"a":0,"k":0,"ix":5},"nm":"Transform"}],"nm":". 48","np":3,"cix":2,"bm":0,"ix":61,"mn":"ADBE Vector Group","hd":false},{"ty":"gr","it":[{"ind":0,"ty":"sh","ix":1,"ks":{"a":0,"k":{"i":[[-12.086,13.651],[13.651,12.086],[11.937,-13.483],[-13.483,-11.937]],"o":[[11.937,-13.483],[-13.483,-11.937],[-12.086,13.651],[13.651,12.086]],"v":[[412.852,224.413],[409.921,178.826],[364.314,181.439],[367.096,227.195]],"c":true},"ix":2},"nm":".","mn":"ADBE Vector Shape - Group","hd":false},{"ty":"fl","c":{"a":1,"k":[{"i":{"x":[0.833],"y":[0.833]},"o":{"x":[0.167],"y":[0.167]},"t":18,"s":[0.400000035763,0.486274540424,0.658823549747,1],"e":[0.835577631932,0.531490669998,0.601204786114,1]},{"t":23}],"ix":4},"o":{"a":0,"k":100,"ix":5},"r":1,"bm":0,"nm":"Fill 1","mn":"ADBE Vector Graphic - Fill","hd":false},{"ty":"tr","p":{"a":0,"k":[0,0],"ix":2},"a":{"a":0,"k":[0,0],"ix":1},"s":{"a":0,"k":[100,100],"ix":3},"r":{"a":0,"k":0,"ix":6},"o":{"a":1,"k":[{"t":2,"s":[0],"h":1},{"t":14,"s":[100],"h":1}],"ix":7},"sk":{"a":0,"k":0,"ix":4},"sa":{"a":0,"k":0,"ix":5},"nm":"Transform"}],"nm":". 49","np":3,"cix":2,"bm":0,"ix":62,"mn":"ADBE Vector Group","hd":false},{"ty":"gr","it":[{"ind":0,"ty":"sh","ix":1,"ks":{"a":0,"k":{"i":[[-7.262,16.724],[16.724,7.262],[7.172,-16.518],[-16.518,-7.172]],"o":[[7.172,-16.518],[-16.518,-7.172],[-7.262,16.724],[16.724,7.262]],"v":[[423.576,207.39],[406.665,164.954],[364.112,181.57],[380.934,224.212]],"c":true},"ix":2},"nm":".","mn":"ADBE Vector Shape - Group","hd":false},{"ty":"fl","c":{"a":1,"k":[{"i":{"x":[0.833],"y":[0.833]},"o":{"x":[0.167],"y":[0.167]},"t":18,"s":[0.392156898975,0.474509835243,0.654901981354,1],"e":[0.831797760608,0.524687045228,0.596905278225,1]},{"t":23}],"ix":4},"o":{"a":0,"k":100,"ix":5},"r":1,"bm":0,"nm":"Fill 1","mn":"ADBE Vector Graphic - Fill","hd":false},{"ty":"tr","p":{"a":0,"k":[0,0],"ix":2},"a":{"a":0,"k":[0,0],"ix":1},"s":{"a":0,"k":[100,100],"ix":3},"r":{"a":0,"k":0,"ix":6},"o":{"a":1,"k":[{"t":2,"s":[0],"h":1},{"t":14,"s":[100],"h":1}],"ix":7},"sk":{"a":0,"k":0,"ix":4},"sa":{"a":0,"k":0,"ix":5},"nm":"Transform"}],"nm":". 50","np":3,"cix":2,"bm":0,"ix":63,"mn":"ADBE Vector Group","hd":false},{"ty":"gr","it":[{"ind":0,"ty":"sh","ix":1,"ks":{"a":0,"k":{"i":[[-2.651,18.039],[18.039,2.651],[2.618,-17.816],[-17.816,-2.618]],"o":[[2.618,-17.816],[-17.816,-2.618],[-2.651,18.039],[18.039,2.651]],"v":[[428.945,188.106],[401.556,151.546],[364.806,178.68],[392.163,215.463]],"c":true},"ix":2},"nm":".","mn":"ADBE Vector Shape - Group","hd":false},{"ty":"fl","c":{"a":1,"k":[{"i":{"x":[0.833],"y":[0.833]},"o":{"x":[0.167],"y":[0.167]},"t":18,"s":[0.384313762188,0.466666698456,0.647058844566,1],"e":[0.828017949123,0.517883300781,0.592605710497,1]},{"t":23}],"ix":4},"o":{"a":0,"k":100,"ix":5},"r":1,"bm":0,"nm":"Fill 1","mn":"ADBE Vector Graphic - Fill","hd":false},{"ty":"tr","p":{"a":0,"k":[0,0],"ix":2},"a":{"a":0,"k":[0,0],"ix":1},"s":{"a":0,"k":[100,100],"ix":3},"r":{"a":0,"k":0,"ix":6},"o":{"a":1,"k":[{"t":2,"s":[0],"h":1},{"t":14,"s":[100],"h":1}],"ix":7},"sk":{"a":0,"k":0,"ix":4},"sa":{"a":0,"k":0,"ix":5},"nm":"Transform"}],"nm":". 51","np":3,"cix":2,"bm":0,"ix":64,"mn":"ADBE Vector Group","hd":false},{"ty":"gr","it":[{"ind":0,"ty":"sh","ix":1,"ks":{"a":0,"k":{"i":[[1.918,18.132],[18.132,-1.918],[-1.894,-17.908],[-17.908,1.894]],"o":[[-1.894,-17.908],[-17.908,1.894],[1.918,18.132],[18.132,-1.918]],"v":[[429.53,168.118],[393.91,139.518],[365.062,174.938],[400.706,203.763]],"c":true},"ix":2},"nm":".","mn":"ADBE Vector Shape - Group","hd":false},{"ty":"fl","c":{"a":1,"k":[{"i":{"x":[0.833],"y":[0.833]},"o":{"x":[0.167],"y":[0.167]},"t":18,"s":[0.376470625401,0.458823561668,0.639215707779,1],"e":[0.824238137638,0.511079676011,0.588306202608,1]},{"t":23}],"ix":4},"o":{"a":0,"k":100,"ix":5},"r":1,"bm":0,"nm":"Fill 1","mn":"ADBE Vector Graphic - Fill","hd":false},{"ty":"tr","p":{"a":0,"k":[0,0],"ix":2},"a":{"a":0,"k":[0,0],"ix":1},"s":{"a":0,"k":[100,100],"ix":3},"r":{"a":0,"k":0,"ix":6},"o":{"a":1,"k":[{"t":2,"s":[0],"h":1},{"t":14,"s":[100],"h":1}],"ix":7},"sk":{"a":0,"k":0,"ix":4},"sa":{"a":0,"k":0,"ix":5},"nm":"Transform"}],"nm":". 52","np":3,"cix":2,"bm":0,"ix":65,"mn":"ADBE Vector Group","hd":false},{"ty":"gr","it":[{"ind":0,"ty":"sh","ix":1,"ks":{"a":0,"k":{"i":[[6.294,17.112],[17.112,-6.294],[-6.217,-16.901],[-16.901,6.217]],"o":[[-6.217,-16.901],[-16.901,6.217],[6.294,17.112],[17.112,-6.294]],"v":[[424.8,148.702],[383.266,129.682],[363.957,171.082],[405.569,190.314]],"c":true},"ix":2},"nm":".","mn":"ADBE Vector Shape - Group","hd":false},{"ty":"fl","c":{"a":1,"k":[{"i":{"x":[0.833],"y":[0.833]},"o":{"x":[0.167],"y":[0.167]},"t":18,"s":[0.364705890417,0.450980424881,0.635294139385,1],"e":[0.820458266314,0.504275931564,0.584006634881,1]},{"t":23}],"ix":4},"o":{"a":0,"k":100,"ix":5},"r":1,"bm":0,"nm":"Fill 1","mn":"ADBE Vector Graphic - Fill","hd":false},{"ty":"tr","p":{"a":0,"k":[0,0],"ix":2},"a":{"a":0,"k":[0,0],"ix":1},"s":{"a":0,"k":[100,100],"ix":3},"r":{"a":0,"k":0,"ix":6},"o":{"a":1,"k":[{"t":2,"s":[0],"h":1},{"t":15,"s":[100],"h":1}],"ix":7},"sk":{"a":0,"k":0,"ix":4},"sa":{"a":0,"k":0,"ix":5},"nm":"Transform"}],"nm":". 53","np":3,"cix":2,"bm":0,"ix":66,"mn":"ADBE Vector Group","hd":false},{"ty":"gr","it":[{"ind":0,"ty":"sh","ix":1,"ks":{"a":0,"k":{"i":[[9.084,15.809],[15.809,-9.084],[-8.972,-15.614],[-15.614,8.972]],"o":[[-8.972,-15.614],[-15.614,8.972],[9.084,15.809],[15.809,-9.084]],"v":[[416.317,130.792],[372.175,119.031],[360.107,163.089],[404.361,175.045]],"c":true},"ix":2},"nm":".","mn":"ADBE Vector Shape - Group","hd":false},{"ty":"fl","c":{"a":1,"k":[{"i":{"x":[0.833],"y":[0.833]},"o":{"x":[0.167],"y":[0.167]},"t":18,"s":[0.364705890417,0.450980424881,0.635294139385,1],"e":[0.816678514668,0.497472246955,0.579707067153,1]},{"t":23}],"ix":4},"o":{"a":0,"k":100,"ix":5},"r":1,"bm":0,"nm":"Fill 1","mn":"ADBE Vector Graphic - Fill","hd":false},{"ty":"tr","p":{"a":0,"k":[0,0],"ix":2},"a":{"a":0,"k":[0,0],"ix":1},"s":{"a":0,"k":[100,100],"ix":3},"r":{"a":0,"k":0,"ix":6},"o":{"a":1,"k":[{"t":2,"s":[0],"h":1},{"t":15,"s":[100],"h":1}],"ix":7},"sk":{"a":0,"k":0,"ix":4},"sa":{"a":0,"k":0,"ix":5},"nm":"Transform"}],"nm":". 54","np":3,"cix":2,"bm":0,"ix":67,"mn":"ADBE Vector Group","hd":false},{"ty":"gr","it":[{"ind":0,"ty":"sh","ix":1,"ks":{"a":0,"k":{"i":[[11.062,14.494],[14.494,-11.062],[-10.926,-14.315],[-14.315,10.926]],"o":[[-10.926,-14.315],[-14.315,10.926],[11.062,14.494],[14.494,-11.062]],"v":[[405.345,114.391],[360.049,108.469],[353.811,153.723],[399.244,159.824]],"c":true},"ix":2},"nm":".","mn":"ADBE Vector Shape - Group","hd":false},{"ty":"fl","c":{"a":1,"k":[{"i":{"x":[0.833],"y":[0.833]},"o":{"x":[0.167],"y":[0.167]},"t":18,"s":[0.337254911661,0.423529446125,0.615686297417,1],"e":[0.812898643344,0.490668592266,0.575407499426,1]},{"t":23}],"ix":4},"o":{"a":0,"k":100,"ix":5},"r":1,"bm":0,"nm":"Fill 1","mn":"ADBE Vector Graphic - Fill","hd":false},{"ty":"tr","p":{"a":0,"k":[0,0],"ix":2},"a":{"a":0,"k":[0,0],"ix":1},"s":{"a":0,"k":[100,100],"ix":3},"r":{"a":0,"k":0,"ix":6},"o":{"a":1,"k":[{"t":2,"s":[0],"h":1},{"t":15,"s":[100],"h":1}],"ix":7},"sk":{"a":0,"k":0,"ix":4},"sa":{"a":0,"k":0,"ix":5},"nm":"Transform"}],"nm":". 55","np":3,"cix":2,"bm":0,"ix":68,"mn":"ADBE Vector Group","hd":false},{"ty":"gr","it":[{"ind":0,"ty":"sh","ix":1,"ks":{"a":0,"k":{"i":[[12.609,13.171],[13.171,-12.609],[-12.453,-13.008],[-13.008,12.453]],"o":[[-12.453,-13.008],[-13.008,12.453],[12.609,13.171],[13.171,-12.609]],"v":[[392.52,99.452],[346.846,98.616],[345.692,144.283],[391.521,145.282]],"c":true},"ix":2},"nm":".","mn":"ADBE Vector Shape - Group","hd":false},{"ty":"fl","c":{"a":1,"k":[{"i":{"x":[0.833],"y":[0.833]},"o":{"x":[0.167],"y":[0.167]},"t":18,"s":[0.337254911661,0.423529446125,0.615686297417,1],"e":[0.809118891697,0.483864907657,0.571107991536,1]},{"t":23}],"ix":4},"o":{"a":0,"k":100,"ix":5},"r":1,"bm":0,"nm":"Fill 1","mn":"ADBE Vector Graphic - Fill","hd":false},{"ty":"tr","p":{"a":0,"k":[0,0],"ix":2},"a":{"a":0,"k":[0,0],"ix":1},"s":{"a":0,"k":[100,100],"ix":3},"r":{"a":0,"k":0,"ix":6},"o":{"a":1,"k":[{"t":2,"s":[0],"h":1},{"t":16,"s":[100],"h":1}],"ix":7},"sk":{"a":0,"k":0,"ix":4},"sa":{"a":0,"k":0,"ix":5},"nm":"Transform"}],"nm":". 56","np":3,"cix":2,"bm":0,"ix":69,"mn":"ADBE Vector Group","hd":false},{"ty":"gr","it":[{"ind":0,"ty":"sh","ix":1,"ks":{"a":0,"k":{"i":[[13.91,11.788],[11.788,-13.91],[-13.738,-11.642],[-11.642,13.738]],"o":[[-13.738,-11.642],[-11.642,13.738],[13.91,11.788],[11.788,-13.91]],"v":[[378.183,85.982],[332.67,89.9],[336.27,135.439],[381.955,131.667]],"c":true},"ix":2},"nm":".","mn":"ADBE Vector Shape - Group","hd":false},{"ty":"fl","c":{"a":1,"k":[{"i":{"x":[0.833],"y":[0.833]},"o":{"x":[0.167],"y":[0.167]},"t":18,"s":[0.337254911661,0.423529446125,0.615686297417,1],"e":[0.805339020374,0.477061252968,0.566808423809,1]},{"t":23}],"ix":4},"o":{"a":0,"k":100,"ix":5},"r":1,"bm":0,"nm":"Fill 1","mn":"ADBE Vector Graphic - Fill","hd":false},{"ty":"tr","p":{"a":0,"k":[0,0],"ix":2},"a":{"a":0,"k":[0,0],"ix":1},"s":{"a":0,"k":[100,100],"ix":3},"r":{"a":0,"k":0,"ix":6},"o":{"a":1,"k":[{"t":2,"s":[0],"h":1},{"t":16,"s":[100],"h":1}],"ix":7},"sk":{"a":0,"k":0,"ix":4},"sa":{"a":0,"k":0,"ix":5},"nm":"Transform"}],"nm":". 57","np":3,"cix":2,"bm":0,"ix":70,"mn":"ADBE Vector Group","hd":false},{"ty":"gr","it":[{"ind":0,"ty":"sh","ix":1,"ks":{"a":0,"k":{"i":[[15.059,10.279],[10.279,-15.059],[-14.874,-10.152],[-10.152,14.874]],"o":[[-14.874,-10.152],[-10.152,14.874],[15.059,10.279],[10.279,-15.059]],"v":[[362.53,74.068],[317.67,82.693],[325.984,127.612],[371.029,119.113]],"c":true},"ix":2},"nm":".","mn":"ADBE Vector Shape - Group","hd":false},{"ty":"fl","c":{"a":1,"k":[{"i":{"x":[0.833],"y":[0.833]},"o":{"x":[0.167],"y":[0.167]},"t":18,"s":[0.329411774874,0.415686309338,0.607843160629,1],"e":[0.801559208889,0.47025753844,0.562508856081,1]},{"t":23}],"ix":4},"o":{"a":0,"k":100,"ix":5},"r":1,"bm":0,"nm":"Fill 1","mn":"ADBE Vector Graphic - Fill","hd":false},{"ty":"tr","p":{"a":0,"k":[0,0],"ix":2},"a":{"a":0,"k":[0,0],"ix":1},"s":{"a":0,"k":[100,100],"ix":3},"r":{"a":0,"k":0,"ix":6},"o":{"a":1,"k":[{"t":2,"s":[0],"h":1},{"t":16,"s":[100],"h":1}],"ix":7},"sk":{"a":0,"k":0,"ix":4},"sa":{"a":0,"k":0,"ix":5},"nm":"Transform"}],"nm":". 58","np":3,"cix":2,"bm":0,"ix":71,"mn":"ADBE Vector Group","hd":false},{"ty":"gr","it":[{"ind":0,"ty":"sh","ix":1,"ks":{"a":0,"k":{"i":[[16.096,8.564],[8.564,-16.096],[-15.898,-8.459],[-8.459,15.898]],"o":[[-15.898,-8.459],[-8.459,15.898],[16.096,8.564],[8.564,-16.096]],"v":[[345.687,63.879],[302.044,77.375],[315.236,121.11],[359.077,107.72]],"c":true},"ix":2},"nm":".","mn":"ADBE Vector Shape - Group","hd":false},{"ty":"fl","c":{"a":1,"k":[{"i":{"x":[0.833],"y":[0.833]},"o":{"x":[0.167],"y":[0.167]},"t":18,"s":[0.321568638086,0.403921604156,0.603921592236,1],"e":[0.797779337565,0.463453823912,0.558209288354,1]},{"t":23}],"ix":4},"o":{"a":0,"k":100,"ix":5},"r":1,"bm":0,"nm":"Fill 1","mn":"ADBE Vector Graphic - Fill","hd":false},{"ty":"tr","p":{"a":0,"k":[0,0],"ix":2},"a":{"a":0,"k":[0,0],"ix":1},"s":{"a":0,"k":[100,100],"ix":3},"r":{"a":0,"k":0,"ix":6},"o":{"a":1,"k":[{"t":2,"s":[0],"h":1},{"t":17,"s":[100],"h":1}],"ix":7},"sk":{"a":0,"k":0,"ix":4},"sa":{"a":0,"k":0,"ix":5},"nm":"Transform"}],"nm":". 59","np":3,"cix":2,"bm":0,"ix":72,"mn":"ADBE Vector Group","hd":false},{"ty":"gr","it":[{"ind":0,"ty":"sh","ix":1,"ks":{"a":0,"k":{"i":[[17.014,6.556],[6.556,-17.014],[-16.804,-6.475],[-6.475,16.804]],"o":[[-16.804,-6.475],[-6.475,16.804],[17.014,6.556],[6.556,-17.014]],"v":[[327.761,55.683],[286.07,74.356],[304.452,116.176],[346.353,97.584]],"c":true},"ix":2},"nm":".","mn":"ADBE Vector Shape - Group","hd":false},{"ty":"fl","c":{"a":1,"k":[{"i":{"x":[0.833],"y":[0.833]},"o":{"x":[0.167],"y":[0.167]},"t":18,"s":[0.309803932905,0.396078467369,0.596078455448,1],"e":[0.79399952608,0.456650169223,0.553909780465,1]},{"t":23}],"ix":4},"o":{"a":0,"k":100,"ix":5},"r":1,"bm":0,"nm":"Fill 1","mn":"ADBE Vector Graphic - Fill","hd":false},{"ty":"tr","p":{"a":0,"k":[0,0],"ix":2},"a":{"a":0,"k":[0,0],"ix":1},"s":{"a":0,"k":[100,100],"ix":3},"r":{"a":0,"k":0,"ix":6},"o":{"a":1,"k":[{"t":2,"s":[0],"h":1},{"t":17,"s":[100],"h":1}],"ix":7},"sk":{"a":0,"k":0,"ix":4},"sa":{"a":0,"k":0,"ix":5},"nm":"Transform"}],"nm":". 60","np":3,"cix":2,"bm":0,"ix":73,"mn":"ADBE Vector Group","hd":false},{"ty":"gr","it":[{"ind":0,"ty":"sh","ix":1,"ks":{"a":0,"k":{"i":[[17.751,4.162],[4.162,-17.751],[-17.532,-4.111],[-4.111,17.532]],"o":[[-17.532,-4.111],[-4.111,17.532],[17.751,4.162],[4.162,-17.751]],"v":[[308.894,49.851],[270.155,74.061],[294.094,112.967],[333.052,88.809]],"c":true},"ix":2},"nm":".","mn":"ADBE Vector Shape - Group","hd":false},{"ty":"fl","c":{"a":1,"k":[{"i":{"x":[0.833],"y":[0.833]},"o":{"x":[0.167],"y":[0.167]},"t":18,"s":[0.301960796118,0.388235330582,0.592156887054,1],"e":[0.790219714595,0.449846484614,0.549610212737,1]},{"t":23}],"ix":4},"o":{"a":0,"k":100,"ix":5},"r":1,"bm":0,"nm":"Fill 1","mn":"ADBE Vector Graphic - Fill","hd":false},{"ty":"tr","p":{"a":0,"k":[0,0],"ix":2},"a":{"a":0,"k":[0,0],"ix":1},"s":{"a":0,"k":[100,100],"ix":3},"r":{"a":0,"k":0,"ix":6},"o":{"a":1,"k":[{"t":2,"s":[0],"h":1},{"t":18,"s":[100],"h":1}],"ix":7},"sk":{"a":0,"k":0,"ix":4},"sa":{"a":0,"k":0,"ix":5},"nm":"Transform"}],"nm":". 61","np":3,"cix":2,"bm":0,"ix":74,"mn":"ADBE Vector Group","hd":false},{"ty":"gr","it":[{"ind":0,"ty":"sh","ix":1,"ks":{"a":0,"k":{"i":[[18.184,1.33],[1.33,-18.184],[-17.96,-1.313],[-1.313,17.96]],"o":[[-17.96,-1.314],[-1.314,17.96],[18.184,1.33],[1.33,-18.184]],"v":[[289.331,46.845],[254.864,76.825],[284.603,111.501],[319.295,81.537]],"c":true},"ix":2},"nm":".","mn":"ADBE Vector Shape - Group","hd":false},{"ty":"fl","c":{"a":1,"k":[{"i":{"x":[0.833],"y":[0.833]},"o":{"x":[0.167],"y":[0.167]},"t":18,"s":[0.29411765933,0.376470625401,0.584313750267,1],"e":[0.78643990311,0.443042770087,0.545310704848,1]},{"t":23}],"ix":4},"o":{"a":0,"k":100,"ix":5},"r":1,"bm":0,"nm":"Fill 1","mn":"ADBE Vector Graphic - Fill","hd":false},{"ty":"tr","p":{"a":0,"k":[0,0],"ix":2},"a":{"a":0,"k":[0,0],"ix":1},"s":{"a":0,"k":[100,100],"ix":3},"r":{"a":0,"k":0,"ix":6},"o":{"a":1,"k":[{"t":2,"s":[0],"h":1},{"t":18,"s":[100],"h":1}],"ix":7},"sk":{"a":0,"k":0,"ix":4},"sa":{"a":0,"k":0,"ix":5},"nm":"Transform"}],"nm":". 62","np":3,"cix":2,"bm":0,"ix":75,"mn":"ADBE Vector Group","hd":false},{"ty":"gr","it":[{"ind":0,"ty":"sh","ix":1,"ks":{"a":0,"k":{"i":[[18.125,-1.981],[-1.981,-18.125],[-17.901,1.956],[1.956,17.901]],"o":[[-17.901,1.956],[1.956,17.901],[18.125,-1.981],[-1.981,-18.125]],"v":[[269.489,47.18],[241.012,82.899],[276.532,111.624],[305.233,75.88]],"c":true},"ix":2},"nm":".","mn":"ADBE Vector Shape - Group","hd":false},{"ty":"fl","c":{"a":1,"k":[{"i":{"x":[0.833],"y":[0.833]},"o":{"x":[0.167],"y":[0.167]},"t":18,"s":[0.286274522543,0.368627458811,0.57647061348,1],"e":[0.782660091625,0.436239115397,0.541011077282,1]},{"t":23}],"ix":4},"o":{"a":0,"k":100,"ix":5},"r":1,"bm":0,"nm":"Fill 1","mn":"ADBE Vector Graphic - Fill","hd":false},{"ty":"tr","p":{"a":0,"k":[0,0],"ix":2},"a":{"a":0,"k":[0,0],"ix":1},"s":{"a":0,"k":[100,100],"ix":3},"r":{"a":0,"k":0,"ix":6},"o":{"a":1,"k":[{"t":2,"s":[0],"h":1},{"t":18,"s":[100],"h":1}],"ix":7},"sk":{"a":0,"k":0,"ix":4},"sa":{"a":0,"k":0,"ix":5},"nm":"Transform"}],"nm":". 63","np":3,"cix":2,"bm":0,"ix":76,"mn":"ADBE Vector Group","hd":false},{"ty":"gr","it":[{"ind":0,"ty":"sh","ix":1,"ks":{"a":0,"k":{"i":[[17.446,-5.299],[-5.299,-17.446],[-17.23,5.234],[5.234,17.23]],"o":[[-17.23,5.234],[5.234,17.23],[17.446,-5.299],[-5.299,-17.446]],"v":[[250.042,51.185],[228.664,91.555],[268.884,113.215],[290.478,72.779]],"c":true},"ix":2},"nm":".","mn":"ADBE Vector Shape - Group","hd":false},{"ty":"fl","c":{"a":1,"k":[{"i":{"x":[0.833],"y":[0.833]},"o":{"x":[0.167],"y":[0.167]},"t":18,"s":[0.274509817362,0.360784322023,0.572549045086,1],"e":[0.778880220301,0.429435430789,0.536711569393,1]},{"t":23}],"ix":4},"o":{"a":0,"k":100,"ix":5},"r":1,"bm":0,"nm":"Fill 1","mn":"ADBE Vector Graphic - Fill","hd":false},{"ty":"tr","p":{"a":0,"k":[0,0],"ix":2},"a":{"a":0,"k":[0,0],"ix":1},"s":{"a":0,"k":[100,100],"ix":3},"r":{"a":0,"k":0,"ix":6},"o":{"a":1,"k":[{"t":2,"s":[0],"h":1},{"t":18,"s":[100],"h":1}],"ix":7},"sk":{"a":0,"k":0,"ix":4},"sa":{"a":0,"k":0,"ix":5},"nm":"Transform"}],"nm":". 64","np":3,"cix":2,"bm":0,"ix":77,"mn":"ADBE Vector Group","hd":false},{"ty":"gr","it":[{"ind":0,"ty":"sh","ix":1,"ks":{"a":0,"k":{"i":[[16.168,-8.429],[-8.429,-16.168],[-15.968,8.325],[8.325,15.968]],"o":[[-15.968,8.325],[8.325,15.968],[16.168,-8.429],[-8.429,-16.168]],"v":[[231.669,58.709],[218.111,102.332],[261.639,116.194],[275.396,72.467]],"c":true},"ix":2},"nm":".","mn":"ADBE Vector Shape - Group","hd":false},{"ty":"fl","c":{"a":1,"k":[{"i":{"x":[0.833],"y":[0.833]},"o":{"x":[0.167],"y":[0.167]},"t":18,"s":[0.266666680574,0.352941185236,0.564705908298,1],"e":[0.775100408816,0.42263174618,0.532412061504,1]},{"t":23}],"ix":4},"o":{"a":0,"k":100,"ix":5},"r":1,"bm":0,"nm":"Fill 1","mn":"ADBE Vector Graphic - Fill","hd":false},{"ty":"tr","p":{"a":0,"k":[0,0],"ix":2},"a":{"a":0,"k":[0,0],"ix":1},"s":{"a":0,"k":[100,100],"ix":3},"r":{"a":0,"k":0,"ix":6},"o":{"a":1,"k":[{"t":2,"s":[0],"h":1},{"t":19,"s":[100],"h":1}],"ix":7},"sk":{"a":0,"k":0,"ix":4},"sa":{"a":0,"k":0,"ix":5},"nm":"Transform"}],"nm":". 65","np":3,"cix":2,"bm":0,"ix":78,"mn":"ADBE Vector Group","hd":false},{"ty":"gr","it":[{"ind":0,"ty":"sh","ix":1,"ks":{"a":0,"k":{"i":[[14.317,-11.29],[-11.29,-14.317],[-14.14,11.151],[11.151,14.14]],"o":[[-14.14,11.151],[11.151,14.14],[14.317,-11.29],[-11.29,-14.317]],"v":[[215.006,69.51],[209.802,114.894],[255.149,120.415],[260.53,74.891]],"c":true},"ix":2},"nm":".","mn":"ADBE Vector Shape - Group","hd":false},{"ty":"fl","c":{"a":1,"k":[{"i":{"x":[0.833],"y":[0.833]},"o":{"x":[0.167],"y":[0.167]},"t":18,"s":[0.266666680574,0.352941185236,0.564705908298,1],"e":[0.771320597331,0.415828061571,0.528112433938,1]},{"t":23}],"ix":4},"o":{"a":0,"k":100,"ix":5},"r":1,"bm":0,"nm":"Fill 1","mn":"ADBE Vector Graphic - Fill","hd":false},{"ty":"tr","p":{"a":0,"k":[0,0],"ix":2},"a":{"a":0,"k":[0,0],"ix":1},"s":{"a":0,"k":[100,100],"ix":3},"r":{"a":0,"k":0,"ix":6},"o":{"a":1,"k":[{"t":2,"s":[0],"h":1},{"t":19,"s":[100],"h":1}],"ix":7},"sk":{"a":0,"k":0,"ix":4},"sa":{"a":0,"k":0,"ix":5},"nm":"Transform"}],"nm":". 66","np":3,"cix":2,"bm":0,"ix":79,"mn":"ADBE Vector Group","hd":false},{"ty":"gr","it":[{"ind":0,"ty":"sh","ix":1,"ks":{"a":0,"k":{"i":[[11.971,-13.753],[-13.753,-11.971],[-11.823,13.583],[13.583,11.823]],"o":[[-11.823,13.583],[13.583,11.823],[11.971,-13.753],[-13.753,-11.971]],"v":[[200.647,83.224],[203.962,128.785],[249.545,125.788],[246.378,80.057]],"c":true},"ix":2},"nm":".","mn":"ADBE Vector Shape - Group","hd":false},{"ty":"fl","c":{"a":1,"k":[{"i":{"x":[0.833],"y":[0.833]},"o":{"x":[0.167],"y":[0.167]},"t":18,"s":[0.258823543787,0.341176480055,0.560784339905,1],"e":[0.767540726007,0.409024347044,0.523812866211,1]},{"t":23}],"ix":4},"o":{"a":0,"k":100,"ix":5},"r":1,"bm":0,"nm":"Fill 1","mn":"ADBE Vector Graphic - Fill","hd":false},{"ty":"tr","p":{"a":0,"k":[0,0],"ix":2},"a":{"a":0,"k":[0,0],"ix":1},"s":{"a":0,"k":[100,100],"ix":3},"r":{"a":0,"k":0,"ix":6},"o":{"a":1,"k":[{"t":2,"s":[0],"h":1},{"t":19,"s":[100],"h":1}],"ix":7},"sk":{"a":0,"k":0,"ix":4},"sa":{"a":0,"k":0,"ix":5},"nm":"Transform"}],"nm":". 67","np":3,"cix":2,"bm":0,"ix":80,"mn":"ADBE Vector Group","hd":false},{"ty":"gr","it":[{"ind":0,"ty":"sh","ix":1,"ks":{"a":0,"k":{"i":[[9.295,-15.686],[-15.686,-9.295],[-9.18,15.492],[15.492,9.18]],"o":[[-9.18,15.492],[15.492,9.18],[9.295,-15.686],[-15.686,-9.295]],"v":[[189.054,99.331],[200.53,143.547],[244.825,132.38],[233.464,87.97]],"c":true},"ix":2},"nm":".","mn":"ADBE Vector Shape - Group","hd":false},{"ty":"fl","c":{"a":1,"k":[{"i":{"x":[0.833],"y":[0.833]},"o":{"x":[0.167],"y":[0.167]},"t":18,"s":[0.247058838606,0.333333343267,0.552941203117,1],"e":[0.763760914522,0.402220662435,0.519513358322,1]},{"t":23}],"ix":4},"o":{"a":0,"k":100,"ix":5},"r":1,"bm":0,"nm":"Fill 1","mn":"ADBE Vector Graphic - Fill","hd":false},{"ty":"tr","p":{"a":0,"k":[0,0],"ix":2},"a":{"a":0,"k":[0,0],"ix":1},"s":{"a":0,"k":[100,100],"ix":3},"r":{"a":0,"k":0,"ix":6},"o":{"a":1,"k":[{"t":2,"s":[0],"h":1},{"t":20,"s":[100],"h":1}],"ix":7},"sk":{"a":0,"k":0,"ix":4},"sa":{"a":0,"k":0,"ix":5},"nm":"Transform"}],"nm":". 68","np":3,"cix":2,"bm":0,"ix":81,"mn":"ADBE Vector Group","hd":false},{"ty":"gr","it":[{"ind":0,"ty":"sh","ix":1,"ks":{"a":0,"k":{"i":[[6.518,-17.028],[-17.028,-6.518],[-6.437,16.818],[16.818,6.437]],"o":[[-6.437,16.818],[16.818,6.437],[6.518,-17.028],[-17.028,-6.518]],"v":[[180.468,117.193],[199.234,158.842],[241.013,140.366],[222.327,98.507]],"c":true},"ix":2},"nm":".","mn":"ADBE Vector Shape - Group","hd":false},{"ty":"fl","c":{"a":1,"k":[{"i":{"x":[0.833],"y":[0.833]},"o":{"x":[0.167],"y":[0.167]},"t":18,"s":[0.239215701818,0.329411774874,0.556862771511,1],"e":[0.759981103037,0.395417007745,0.515213790594,1]},{"t":23}],"ix":4},"o":{"a":0,"k":100,"ix":5},"r":1,"bm":0,"nm":"Fill 1","mn":"ADBE Vector Graphic - Fill","hd":false},{"ty":"tr","p":{"a":0,"k":[0,0],"ix":2},"a":{"a":0,"k":[0,0],"ix":1},"s":{"a":0,"k":[100,100],"ix":3},"r":{"a":0,"k":0,"ix":6},"o":{"a":1,"k":[{"t":2,"s":[0],"h":1},{"t":20,"s":[100],"h":1}],"ix":7},"sk":{"a":0,"k":0,"ix":4},"sa":{"a":0,"k":0,"ix":5},"nm":"Transform"}],"nm":". 69","np":3,"cix":2,"bm":0,"ix":82,"mn":"ADBE Vector Group","hd":false},{"ty":"gr","it":[{"ind":0,"ty":"sh","ix":1,"ks":{"a":0,"k":{"i":[[3.855,-17.821],[-17.821,-3.855],[-3.808,17.601],[17.601,3.808]],"o":[[-3.808,17.601],[17.601,3.808],[3.855,-17.821],[-17.821,-3.855]],"v":[[174.87,136.166],[199.745,174.48],[238.232,149.873],[213.405,111.338]],"c":true},"ix":2},"nm":".","mn":"ADBE Vector Shape - Group","hd":false},{"ty":"fl","c":{"a":1,"k":[{"i":{"x":[0.833],"y":[0.833]},"o":{"x":[0.167],"y":[0.167]},"t":18,"s":[0.227450996637,0.32549020648,0.564705908298,1],"e":[0.756201291552,0.388613323137,0.510914282705,1]},{"t":23}],"ix":4},"o":{"a":0,"k":100,"ix":5},"r":1,"bm":0,"nm":"Fill 1","mn":"ADBE Vector Graphic - Fill","hd":false},{"ty":"tr","p":{"a":0,"k":[0,0],"ix":2},"a":{"a":0,"k":[0,0],"ix":1},"s":{"a":0,"k":[100,100],"ix":3},"r":{"a":0,"k":0,"ix":6},"o":{"a":1,"k":[{"t":2,"s":[0],"h":1},{"t":20,"s":[100],"h":1}],"ix":7},"sk":{"a":0,"k":0,"ix":4},"sa":{"a":0,"k":0,"ix":5},"nm":"Transform"}],"nm":". 70","np":3,"cix":2,"bm":0,"ix":83,"mn":"ADBE Vector Group","hd":false},{"ty":"gr","it":[{"ind":0,"ty":"sh","ix":1,"ks":{"a":0,"k":{"i":[[1.451,-18.175],[-18.175,-1.451],[-1.433,17.951],[17.951,1.433]],"o":[[-1.433,17.951],[17.951,1.433],[1.451,-18.175],[-18.175,-1.451]],"v":[[172.037,155.7],[201.787,190.366],[236.66,160.858],[206.928,125.967]],"c":true},"ix":2},"nm":".","mn":"ADBE Vector Shape - Group","hd":false},{"ty":"fl","c":{"a":1,"k":[{"i":{"x":[0.833],"y":[0.833]},"o":{"x":[0.167],"y":[0.167]},"t":18,"s":[0.21960785985,0.32549020648,0.572549045086,1],"e":[0.752421480067,0.381809608609,0.506614655139,1]},{"t":23}],"ix":4},"o":{"a":0,"k":100,"ix":5},"r":1,"bm":0,"nm":"Fill 1","mn":"ADBE Vector Graphic - Fill","hd":false},{"ty":"tr","p":{"a":0,"k":[0,0],"ix":2},"a":{"a":0,"k":[0,0],"ix":1},"s":{"a":0,"k":[100,100],"ix":3},"r":{"a":0,"k":0,"ix":6},"o":{"a":1,"k":[{"t":2,"s":[0],"h":1},{"t":20,"s":[100],"h":1}],"ix":7},"sk":{"a":0,"k":0,"ix":4},"sa":{"a":0,"k":0,"ix":5},"nm":"Transform"}],"nm":". 71","np":3,"cix":2,"bm":0,"ix":84,"mn":"ADBE Vector Group","hd":false},{"ty":"gr","it":[{"ind":0,"ty":"sh","ix":1,"ks":{"a":0,"k":{"i":[[-0.782,-18.216],[-18.216,0.782],[0.772,17.991],[17.991,-0.772]],"o":[[0.772,17.991],[17.991,-0.772],[-0.782,-18.216],[-18.216,0.782]],"v":[[171.666,175.411],[205.43,206.18],[236.434,172.631],[202.66,141.636]],"c":true},"ix":2},"nm":".","mn":"ADBE Vector Shape - Group","hd":false},{"ty":"fl","c":{"a":1,"k":[{"i":{"x":[0.833],"y":[0.833]},"o":{"x":[0.167],"y":[0.167]},"t":18,"s":[0.211764723063,0.32549020648,0.584313750267,1],"e":[0.748641608743,0.37500595392,0.50231514725,1]},{"t":23}],"ix":4},"o":{"a":0,"k":100,"ix":5},"r":1,"bm":0,"nm":"Fill 1","mn":"ADBE Vector Graphic - Fill","hd":false},{"ty":"tr","p":{"a":0,"k":[0,0],"ix":2},"a":{"a":0,"k":[0,0],"ix":1},"s":{"a":0,"k":[100,100],"ix":3},"r":{"a":0,"k":0,"ix":6},"o":{"a":1,"k":[{"t":2,"s":[0],"h":1},{"t":21,"s":[100],"h":1}],"ix":7},"sk":{"a":0,"k":0,"ix":4},"sa":{"a":0,"k":0,"ix":5},"nm":"Transform"}],"nm":". 72","np":3,"cix":2,"bm":0,"ix":85,"mn":"ADBE Vector Group","hd":false},{"ty":"gr","it":[{"ind":0,"ty":"sh","ix":1,"ks":{"a":0,"k":{"i":[[-3.071,-17.972],[-17.972,3.071],[3.034,17.75],[17.75,-3.034]],"o":[[3.034,17.75],[17.75,-3.034],[-3.071,-17.972],[-17.972,3.071]],"v":[[173.787,195.018],[211.16,221.287],[237.688,184.097],[200.277,157.607]],"c":true},"ix":2},"nm":".","mn":"ADBE Vector Shape - Group","hd":false},{"ty":"fl","c":{"a":1,"k":[{"i":{"x":[0.833],"y":[0.833]},"o":{"x":[0.167],"y":[0.167]},"t":18,"s":[0.203921586275,0.329411774874,0.596078455448,1],"e":[0.744861857096,0.368202269311,0.498015609442,1]},{"t":23}],"ix":4},"o":{"a":0,"k":100,"ix":5},"r":1,"bm":0,"nm":"Fill 1","mn":"ADBE Vector Graphic - Fill","hd":false},{"ty":"tr","p":{"a":0,"k":[0,0],"ix":2},"a":{"a":0,"k":[0,0],"ix":1},"s":{"a":0,"k":[100,100],"ix":3},"r":{"a":0,"k":0,"ix":6},"o":{"a":1,"k":[{"t":2,"s":[0],"h":1},{"t":21,"s":[100],"h":1}],"ix":7},"sk":{"a":0,"k":0,"ix":4},"sa":{"a":0,"k":0,"ix":5},"nm":"Transform"}],"nm":". 73","np":3,"cix":2,"bm":0,"ix":86,"mn":"ADBE Vector Group","hd":false},{"ty":"gr","it":[{"ind":0,"ty":"sh","ix":1,"ks":{"a":0,"k":{"i":[[-5.077,-17.512],[-17.512,5.077],[5.015,17.295],[17.295,-5.015]],"o":[[5.015,17.295],[17.295,-5.015],[-5.077,-17.512],[-17.512,5.077]],"v":[[178.23,214.203],[218.326,236.092],[240.494,196.15],[200.336,174.045]],"c":true},"ix":2},"nm":".","mn":"ADBE Vector Shape - Group","hd":false},{"ty":"fl","c":{"a":1,"k":[{"i":{"x":[0.833],"y":[0.833]},"o":{"x":[0.167],"y":[0.167]},"t":18,"s":[0.200000017881,0.333333343267,0.607843160629,1],"e":[0.741081953049,0.361398547888,0.493716031313,1]},{"t":23}],"ix":4},"o":{"a":0,"k":100,"ix":5},"r":1,"bm":0,"nm":"Fill 1","mn":"ADBE Vector Graphic - Fill","hd":false},{"ty":"tr","p":{"a":0,"k":[0,0],"ix":2},"a":{"a":0,"k":[0,0],"ix":1},"s":{"a":0,"k":[100,100],"ix":3},"r":{"a":0,"k":0,"ix":6},"o":{"a":1,"k":[{"t":2,"s":[0],"h":1},{"t":21,"s":[100],"h":1}],"ix":7},"sk":{"a":0,"k":0,"ix":4},"sa":{"a":0,"k":0,"ix":5},"nm":"Transform"}],"nm":". 74","np":3,"cix":2,"bm":0,"ix":87,"mn":"ADBE Vector Group","hd":false},{"ty":"gr","it":[{"ind":0,"ty":"sh","ix":1,"ks":{"a":0,"k":{"i":[[-6.759,-16.934],[-16.934,6.759],[6.675,16.725],[16.725,-6.675]],"o":[[6.675,16.725],[16.725,-6.675],[-6.759,-16.934],[-16.934,6.759]],"v":[[184.652,232.781],[226.689,250.662],[244.862,208.75],[202.742,190.661]],"c":true},"ix":2},"nm":".","mn":"ADBE Vector Shape - Group","hd":false},{"ty":"fl","c":{"a":1,"k":[{"i":{"x":[0.833],"y":[0.833]},"o":{"x":[0.167],"y":[0.167]},"t":18,"s":[0.196078449488,0.337254911661,0.623529434204,1],"e":[0.741176486015,0.360784322023,0.494117647409,1]},{"t":23}],"ix":4},"o":{"a":0,"k":100,"ix":5},"r":1,"bm":0,"nm":"Fill 1","mn":"ADBE Vector Graphic - Fill","hd":false},{"ty":"tr","p":{"a":0,"k":[0,0],"ix":2},"a":{"a":0,"k":[0,0],"ix":1},"s":{"a":0,"k":[100,100],"ix":3},"r":{"a":0,"k":0,"ix":6},"o":{"a":1,"k":[{"t":2,"s":[0],"h":1},{"t":21,"s":[100],"h":1}],"ix":7},"sk":{"a":0,"k":0,"ix":4},"sa":{"a":0,"k":0,"ix":5},"nm":"Transform"}],"nm":". 75","np":3,"cix":2,"bm":0,"ix":88,"mn":"ADBE Vector Group","hd":false},{"ty":"gr","it":[{"ind":0,"ty":"sh","ix":1,"ks":{"a":0,"k":{"i":[[-8.13,-16.32],[-16.32,8.13],[8.03,16.119],[16.119,-8.03]],"o":[[8.03,16.118],[16.119,-8.03],[-8.13,-16.32],[-16.32,8.13]],"v":[[192.7,250.677],[236.067,265.035],[250.727,221.77],[207.26,207.21]],"c":true},"ix":2},"nm":".","mn":"ADBE Vector Shape - Group","hd":false},{"ty":"fl","c":{"a":1,"k":[{"i":{"x":[0.833],"y":[0.833]},"o":{"x":[0.167],"y":[0.167]},"t":18,"s":[0.192156881094,0.345098048449,0.635294139385,1],"e":[0.74313324573,0.34845718683,0.490845025754,1]},{"t":23}],"ix":4},"o":{"a":0,"k":100,"ix":5},"r":1,"bm":0,"nm":"Fill 1","mn":"ADBE Vector Graphic - Fill","hd":false},{"ty":"tr","p":{"a":0,"k":[0,0],"ix":2},"a":{"a":0,"k":[0,0],"ix":1},"s":{"a":0,"k":[100,100],"ix":3},"r":{"a":0,"k":0,"ix":6},"o":{"a":1,"k":[{"t":2,"s":[0],"h":1},{"t":22,"s":[100],"h":1}],"ix":7},"sk":{"a":0,"k":0,"ix":4},"sa":{"a":0,"k":0,"ix":5},"nm":"Transform"}],"nm":". 76","np":2,"cix":2,"bm":0,"ix":89,"mn":"ADBE Vector Group","hd":false},{"ty":"gr","it":[{"ind":0,"ty":"sh","ix":1,"ks":{"a":0,"k":{"i":[[-9.232,-15.723],[-15.723,9.232],[9.118,15.529],[15.529,-9.118]],"o":[[9.118,15.529],[15.529,-9.118],[-9.232,-15.723],[-15.723,9.232]],"v":[[202.058,267.887],[246.308,279.231],[257.961,235.06],[213.596,223.522]],"c":true},"ix":2},"nm":".","mn":"ADBE Vector Shape - Group","hd":false},{"ty":"fl","c":{"a":1,"k":[{"i":{"x":[0.833],"y":[0.833]},"o":{"x":[0.167],"y":[0.167]},"t":18,"s":[0.192156881094,0.345098048449,0.635294139385,1],"e":[0.746115471335,0.343493472829,0.491004644656,1]},{"t":23}],"ix":4},"o":{"a":0,"k":100,"ix":5},"r":1,"bm":0,"nm":"Fill 1","mn":"ADBE Vector Graphic - Fill","hd":false},{"ty":"tr","p":{"a":0,"k":[0,0],"ix":2},"a":{"a":0,"k":[0,0],"ix":1},"s":{"a":0,"k":[100,100],"ix":3},"r":{"a":0,"k":0,"ix":6},"o":{"a":1,"k":[{"t":2,"s":[0],"h":1},{"t":22,"s":[100],"h":1}],"ix":7},"sk":{"a":0,"k":0,"ix":4},"sa":{"a":0,"k":0,"ix":5},"nm":"Transform"}],"nm":". 77","np":3,"cix":2,"bm":0,"ix":90,"mn":"ADBE Vector Group","hd":false},{"ty":"gr","it":[{"ind":0,"ty":"sh","ix":1,"ks":{"a":0,"k":{"i":[[-10.112,-15.172],[-15.172,10.112],[9.987,14.984],[14.984,-9.987]],"o":[[9.987,14.984],[14.984,-9.987],[-10.112,-15.172],[-15.172,10.112]],"v":[[212.46,284.454],[257.284,293.261],[266.404,248.499],[221.455,239.504]],"c":true},"ix":2},"nm":".","mn":"ADBE Vector Shape - Group","hd":false},{"ty":"fl","c":{"a":1,"k":[{"i":{"x":[0.833],"y":[0.833]},"o":{"x":[0.167],"y":[0.167]},"t":18,"s":[0.192156881094,0.352941185236,0.65098041296,1],"e":[0.749704697553,0.339622706993,0.491854978075,1]},{"t":23}],"ix":4},"o":{"a":0,"k":100,"ix":5},"r":1,"bm":0,"nm":"Fill 1","mn":"ADBE Vector Graphic - Fill","hd":false},{"ty":"tr","p":{"a":0,"k":[0,0],"ix":2},"a":{"a":0,"k":[0,0],"ix":1},"s":{"a":0,"k":[100,100],"ix":3},"r":{"a":0,"k":0,"ix":6},"o":{"a":1,"k":[{"t":2,"s":[0],"h":1},{"t":22,"s":[100],"h":1}],"ix":7},"sk":{"a":0,"k":0,"ix":4},"sa":{"a":0,"k":0,"ix":5},"nm":"Transform"}],"nm":". 78","np":3,"cix":2,"bm":0,"ix":91,"mn":"ADBE Vector Group","hd":false},{"ty":"gr","it":[{"ind":0,"ty":"sh","ix":1,"ks":{"a":0,"k":{"i":[[-10.81,-14.682],[-14.682,10.81],[10.677,14.501],[14.501,-10.677]],"o":[[10.677,14.501],[14.501,-10.677],[-10.81,-14.682],[-14.682,10.81]],"v":[[223.69,300.441],[268.877,307.144],[275.894,262.004],[230.573,255.121]],"c":true},"ix":2},"nm":".","mn":"ADBE Vector Shape - Group","hd":false},{"ty":"fl","c":{"a":1,"k":[{"i":{"x":[0.833],"y":[0.833]},"o":{"x":[0.167],"y":[0.167]},"t":18,"s":[0.192156881094,0.360784322023,0.670588254929,1],"e":[0.753901223575,0.336844949161,0.493395996094,1]},{"t":23}],"ix":4},"o":{"a":0,"k":100,"ix":5},"r":1,"bm":0,"nm":"Fill 1","mn":"ADBE Vector Graphic - Fill","hd":false},{"ty":"tr","p":{"a":0,"k":[0,0],"ix":2},"a":{"a":0,"k":[0,0],"ix":1},"s":{"a":0,"k":[100,100],"ix":3},"r":{"a":0,"k":0,"ix":6},"o":{"a":1,"k":[{"t":2,"s":[0],"h":1},{"t":22,"s":[100],"h":1}],"ix":7},"sk":{"a":0,"k":0,"ix":4},"sa":{"a":0,"k":0,"ix":5},"nm":"Transform"}],"nm":". 79","np":3,"cix":2,"bm":0,"ix":92,"mn":"ADBE Vector Group","hd":false},{"ty":"gr","it":[{"ind":0,"ty":"sh","ix":1,"ks":{"a":0,"k":{"i":[[-11.36,-14.262],[-14.262,11.36],[11.22,14.085],[14.085,-11.22]],"o":[[11.22,14.085],[14.085,-11.22],[-11.36,-14.262],[-14.262,11.36]],"v":[[235.571,315.923],[280.98,320.906],[286.278,275.533],[240.729,270.374]],"c":true},"ix":2},"nm":".","mn":"ADBE Vector Shape - Group","hd":false},{"ty":"fl","c":{"a":1,"k":[{"i":{"x":[0.833],"y":[0.833]},"o":{"x":[0.167],"y":[0.167]},"t":18,"s":[0.196078449488,0.372549027205,0.686274528503,1],"e":[0.758704989564,0.335160109576,0.495627668792,1]},{"t":23}],"ix":4},"o":{"a":0,"k":100,"ix":5},"r":1,"bm":0,"nm":"Fill 1","mn":"ADBE Vector Graphic - Fill","hd":false},{"ty":"tr","p":{"a":0,"k":[0,0],"ix":2},"a":{"a":0,"k":[0,0],"ix":1},"s":{"a":0,"k":[100,100],"ix":3},"r":{"a":0,"k":0,"ix":6},"o":{"a":1,"k":[{"t":2,"s":[0],"h":1},{"t":23,"s":[100],"h":1}],"ix":7},"sk":{"a":0,"k":0,"ix":4},"sa":{"a":0,"k":0,"ix":5},"nm":"Transform"}],"nm":". 80","np":3,"cix":2,"bm":0,"ix":93,"mn":"ADBE Vector Group","hd":false},{"ty":"gr","it":[{"ind":0,"ty":"sh","ix":1,"ks":{"a":0,"k":{"i":[[-11.784,-13.913],[-13.913,11.784],[11.639,13.741],[13.741,-11.639]],"o":[[11.639,13.741],[13.741,-11.639],[-11.784,-13.913],[-13.913,11.784]],"v":[[247.959,330.979],[293.497,334.591],[297.427,289.079],[251.743,285.296]],"c":true},"ix":2},"nm":".","mn":"ADBE Vector Shape - Group","hd":false},{"ty":"fl","c":{"a":1,"k":[{"i":{"x":[0.833],"y":[0.833]},"o":{"x":[0.167],"y":[0.167]},"t":18,"s":[0.200000017881,0.384313762188,0.705882370472,1],"e":[0.764115875843,0.334568188237,0.49855002609,1]},{"t":23}],"ix":4},"o":{"a":0,"k":100,"ix":5},"r":1,"bm":0,"nm":"Fill 1","mn":"ADBE Vector Graphic - Fill","hd":false},{"ty":"tr","p":{"a":0,"k":[0,0],"ix":2},"a":{"a":0,"k":[0,0],"ix":1},"s":{"a":0,"k":[100,100],"ix":3},"r":{"a":0,"k":0,"ix":6},"o":{"a":1,"k":[{"t":2,"s":[0],"h":1},{"t":23,"s":[100],"h":1}],"ix":7},"sk":{"a":0,"k":0,"ix":4},"sa":{"a":0,"k":0,"ix":5},"nm":"Transform"}],"nm":". 81","np":3,"cix":2,"bm":0,"ix":94,"mn":"ADBE Vector Group","hd":false},{"ty":"gr","it":[{"ind":0,"ty":"sh","ix":1,"ks":{"a":0,"k":{"i":[[-12.382,-13.384],[-13.384,12.382],[12.229,13.219],[13.219,-12.229]],"o":[[12.229,13.219],[13.219,-12.229],[-12.382,-13.384],[-13.384,12.382]],"v":[[260.82,345.677],[306.473,347.293],[308.407,301.653],[262.602,299.871]],"c":true},"ix":2},"nm":".","mn":"ADBE Vector Shape - Group","hd":false},{"ty":"fl","c":{"a":1,"k":[{"i":{"x":[0.833],"y":[0.833]},"o":{"x":[0.167],"y":[0.167]},"t":18,"s":[0.203921586275,0.396078467369,0.721568644047,1],"e":[0.770133942249,0.335069304822,0.502163097905,1]},{"t":23}],"ix":4},"o":{"a":0,"k":100,"ix":5},"r":1,"bm":0,"nm":"Fill 1","mn":"ADBE Vector Graphic - Fill","hd":false},{"ty":"tr","p":{"a":0,"k":[0,0],"ix":2},"a":{"a":0,"k":[0,0],"ix":1},"s":{"a":0,"k":[100,100],"ix":3},"r":{"a":0,"k":0,"ix":6},"o":{"a":1,"k":[{"t":2,"s":[0],"h":1},{"t":23,"s":[100],"h":1}],"ix":7},"sk":{"a":0,"k":0,"ix":4},"sa":{"a":0,"k":0,"ix":5},"nm":"Transform"}],"nm":". 82","np":3,"cix":2,"bm":0,"ix":95,"mn":"ADBE Vector Group","hd":false},{"ty":"gr","it":[{"ind":0,"ty":"sh","ix":1,"ks":{"a":0,"k":{"i":[[-13.209,-12.568],[-12.568,13.209],[13.046,12.413],[12.413,-13.046]],"o":[[13.046,12.413],[12.413,-13.046],[-13.209,-12.568],[-12.568,13.209]],"v":[[274.572,359.611],[320.235,358.317],[319.26,312.646],[273.433,313.785]],"c":true},"ix":2},"nm":".","mn":"ADBE Vector Shape - Group","hd":false},{"ty":"fl","c":{"a":1,"k":[{"i":{"x":[0.833],"y":[0.833]},"o":{"x":[0.167],"y":[0.167]},"t":18,"s":[0.203921586275,0.396078467369,0.721568644047,1],"e":[0.77675930846,0.336663369571,0.50646685432,1]},{"t":23}],"ix":4},"o":{"a":0,"k":100,"ix":5},"r":1,"bm":0,"nm":"Fill 1","mn":"ADBE Vector Graphic - Fill","hd":false},{"ty":"tr","p":{"a":0,"k":[0,0],"ix":2},"a":{"a":0,"k":[0,0],"ix":1},"s":{"a":0,"k":[100,100],"ix":3},"r":{"a":0,"k":0,"ix":6},"o":{"a":1,"k":[{"t":2,"s":[0],"h":1},{"t":23,"s":[100],"h":1}],"ix":7},"sk":{"a":0,"k":0,"ix":4},"sa":{"a":0,"k":0,"ix":5},"nm":"Transform"}],"nm":". 83","np":3,"cix":2,"bm":0,"ix":96,"mn":"ADBE Vector Group","hd":false}],"ip":1,"op":30,"st":0,"bm":0}]}],"layers":[{"ddd":0,"ind":1,"ty":0,"nm":"Animation Template 8x ","refId":"comp_0","sr":1,"ks":{"o":{"a":0,"k":100,"ix":11},"r":{"a":0,"k":0,"ix":10},"p":{"a":0,"k":[66,66,0],"ix":2},"a":{"a":0,"k":[528,528,0],"ix":1},"s":{"a":0,"k":[12.5,12.5,100],"ix":6}},"ao":0,"w":1056,"h":1056,"ip":0,"op":65,"st":0,"bm":0}],"markers":[]}
